Rk,Player,Nation,Pos,Squad,Age,Born,MP,Starts,Min,90s,Gls,Ast,G+A,G-PK,PK,PKatt,CrdY,CrdR,Gls,Ast,G+A,G-PK,G+A-PK,Matches
1,Óscar Acevedo,ni NCA,DF,ni Real Estelí FC,26,1997,2,2,161,1.8,0,0,0,0,0,0,1,0,0,0,0,0,0,Matches
2,Alexander Achinioti-Jönsson,se SWE,DF,ca Forge FC,27,1996,2,2,180,2,0,0,0,0,0,0,0,0,0,0,0,0,0,Matches
3,Luciano Acosta,ar ARG,MF,us FC Cincinnati,29,1994,4,3,287,3.2,1,1,2,1,0,0,0,0,0.31,0.31,0.63,0.31,0.63,Matches
4,Samuel Adeniran,us USA,FW,us St. Louis City,25,1998,2,2,161,1.8,0,0,0,0,0,0,0,0,0,0,0,0,0,Matches
5,Renske Adipi,sr SUR,MF,sr SV Robinhood,24,1999,2,2,177,2,0,0,0,0,0,0,0,0,0,0,0,0,0,Matches
6,Leonardo Afonso,br BRA,FW,us Inter Miami,22,2001,1,0,30,0.3,0,0,0,0,0,0,0,0,0,0,0,0,0,Matches
7,London Aghedo,us USA,DF,us FC Cincinnati,23,2000,1,0,45,0.5,0,0,0,0,0,0,0,0,0,0,0,0,0,Matches
8,Sergio Aguayo,us USA,FW,mx Pachuca,21,2002,1,0,10,0.1,0,0,0,0,0,0,0,0,0,0,0,0,0,Matches
9,Elías Aguilar,cr CRC,"MF,FW",cr Herediano,32,1991,6,6,443,4.9,0,0,0,0,0,0,1,0,0,0,0,0,0,Matches
10,Jorman Aguilar,pa PAN,FW,gt Comunicaciones,29,1994,2,0,69,0.8,0,0,0,0,0,0,0,0,0,0,0,0,0,Matches
11,Érick Aguirre,mx MEX,"DF,MF",mx Monterrey,26,1997,4,4,315,3.5,0,0,0,0,0,0,0,0,0,0,0,0,0,Matches
12,Rodrigo Aguirre,uy URU,FW,mx Monterrey,29,1994,4,1,154,1.7,1,1,2,1,0,0,0,1,0.58,0.58,1.17,0.58,1.17,Matches
13,Jorge Agustín Rodríguez,ar ARG,MF,mx Monterrey,28,1995,6,6,540,6,1,0,1,1,0,0,2,0,0.17,0,0.17,0.17,0.17,Matches
14,Fraser Aird,ca CAN,DF,ca Cavalry FC,28,1995,2,1,111,1.2,0,0,0,0,0,0,0,0,0,0,0,0,0,Matches
15,Forster Ajago,gh GHA,FW,us Nashville SC,22,2001,1,1,90,1,2,0,2,2,0,1,0,0,2,0,2,2,2,Matches
16,William Akio,ss SSD,MF,ca Cavalry FC,25,1998,2,2,180,2,0,1,1,0,0,0,0,0,0,0.5,0.5,0,0.5,Matches
17,Jordi Alba,es ESP,"DF,MF",us Inter Miami,34,1989,3,3,257,2.9,0,0,0,0,0,0,3,1,0,0,0,0,0,Matches
18,Jesús Alberto Angulo,mx MEX,DF,mx UANL,26,1998,6,6,570,6.3,0,0,0,0,0,0,0,0,0,0,0,0,0,Matches
19,Luis Alfonso Rodríguez,mx MEX,DF,mx Pachuca,33,1991,5,5,432,4.8,0,0,0,0,0,0,2,0,0,0,0,0,0,Matches
20,Dwayne Allen,jm JAM,MF,jm Cavalier FC,21,2002,2,2,180,2,0,0,0,0,0,0,0,0,0,0,0,0,0,Matches
21,Noah Allen,gr GRE,DF,us Inter Miami,19,2004,3,2,194,2.2,0,0,0,0,0,0,0,0,0,0,0,0,0,Matches
22,Roberto Alvarado,mx MEX,"MF,FW",mx Guadalajara,25,1998,2,2,165,1.8,1,1,2,1,0,0,1,0,0.55,0.55,1.09,0.55,1.09,Matches
23,Kevin Álvarez,mx MEX,DF,mx América,25,1999,5,1,213,2.4,0,0,0,0,0,0,0,0,0,0,0,0,0,Matches
24,Malte Amundsen,dk DEN,DF,us Columbus Crew,25,1998,6,1,184,2,0,0,0,0,0,0,0,0,0,0,0,0,0,Matches
25,Eduardo Anderson,pa PAN,MF,cr Saprissa,23,2001,2,0,63,0.7,0,0,0,0,0,0,0,0,0,0,0,0,0,Matches
Rk,Player,Nation,Pos,Squad,Age,Born,MP,Starts,Min,90s,Gls,Ast,G+A,G-PK,PK,PKatt,CrdY,CrdR,Gls,Ast,G+A,G-PK,G+A-PK,Matches
26,Markus Anderson,us USA,FW,us Philadelphia Union,20,2003,4,1,84,0.9,0,0,0,0,0,0,0,0,0,0,0,0,0,Matches
27,Esteban Andrada,ar ARG,GK,mx Monterrey,33,1991,8,8,720,8,0,0,0,0,0,0,0,0,0,0,0,0,0,Matches
28,José Andrés Martínez,ve VEN,MF,us Philadelphia Union,29,1994,4,3,257,2.9,0,0,0,0,0,0,1,0,0,0,0,0,0,Matches
29,Dimitrio Andro,sr SUR,MF,sr SV Robinhood,20,2003,2,2,164,1.8,0,0,0,0,0,0,0,0,0,0,0,0,0,Matches
30,Luis Ángel Malagón,mx MEX,GK,mx América,26,1997,8,8,720,8,0,0,0,0,0,0,0,0,0,0,0,0,0,Matches
31,Juan Ángeles,do DOM,"MF,FW",do Moca FC,23,2000,2,2,152,1.7,0,0,0,0,0,0,0,0,0,0,0,0,0,Matches
32,Iván Angulo,co COL,MF,us Orlando City,24,1999,3,3,229,2.5,0,1,1,0,0,0,0,0,0,0.39,0.39,0,0.39,Matches
33,Jesús Angulo,mx MEX,"MF,FW",mx Toluca,26,1997,2,2,180,2,1,0,1,1,0,0,0,0,0.5,0,0.5,0.5,0.5,Matches
34,Francisco Antonio Figueroa,mx MEX,FW,mx Toluca,24,1999,2,1,121,1.3,0,0,0,0,0,0,0,0,0,0,0,0,0,Matches
35,Brian Anunga,cm CMR,MF,us Nashville SC,27,1996,3,1,124,1.4,0,0,0,0,0,0,0,0,0,0,0,0,0,Matches
36,Jorge Aparicio,gt GUA,MF,gt Comunicaciones,31,1992,2,2,111,1.2,0,0,0,0,0,0,0,0,0,0,0,0,0,Matches
37,Javier Aquino,mx MEX,DF,mx UANL,33,1990,4,4,375,4.2,0,0,0,0,0,0,0,0,0,0,0,0,0,Matches
38,César Araujo,uy URU,MF,us Orlando City,22,2001,3,2,214,2.4,0,0,0,0,0,0,1,0,0,0,0,0,0,Matches
39,Maximiliano Araújo,uy URU,MF,mx Toluca,23,2000,2,1,66,0.7,0,1,1,0,0,0,0,0,0,1.36,1.36,0,1.36,Matches
40,Darril Araya,cr CRC,FW,cr Herediano,23,2000,4,1,179,2,0,0,0,0,0,0,0,0,0,0,0,0,0,Matches
41,Ronaldo Araya,cr CRC,MF,cr Herediano,24,1999,1,0,17,0.2,0,0,0,0,0,0,0,0,0,0,0,0,0,Matches
42,Pablo Arboine,cr CRC,DF,cr Saprissa,25,1998,2,2,210,2.3,0,0,0,0,0,0,0,0,0,0,0,0,0,Matches
43,Max Arfsten,us USA,MF,us Columbus Crew,22,2001,3,0,40,0.4,0,0,0,0,0,0,0,0,0,0,0,0,0,Matches
44,Azmahar Ariano,pa PAN,DF,pa CA Independiente,33,1991,2,2,169,1.9,0,0,0,0,0,0,0,0,0,0,0,0,0,Matches
45,Gerardo Arteaga,mx MEX,DF,mx Monterrey,25,1998,8,7,647,7.2,0,1,1,0,0,0,1,0,0,0.14,0.14,0,0.14,Matches
46,Víctor Arteaga,mx MEX,MF,mx Toluca,19,2004,2,2,159,1.8,0,0,0,0,0,0,1,0,0,0,0,0,0,Matches
47,Artur,br BRA,MF,us Houston Dynamo,27,1996,4,4,360,4,0,0,0,0,0,0,0,0,0,0,0,0,0,Matches
48,Gustavo Ascona,ar ARG,FW,do Moca FC,36,1987,2,2,160,1.8,0,0,0,0,0,0,0,0,0,0,0,0,0,Matches
49,Dwayne Atkinson,jm JAM,MF,jm Cavalier FC,21,2002,2,2,180,2,0,0,0,0,0,0,0,0,0,0,0,0,0,Matches
50,Carlos Avila,pa PAN,DF,pa CA Independiente,27,1996,2,0,39,0.4,0,0,0,0,0,0,0,0,0,0,0,0,0,Matches
Rk,Player,Nation,Pos,Squad,Age,Born,MP,Starts,Min,90s,Gls,Ast,G+A,G-PK,PK,PKatt,CrdY,CrdR,Gls,Ast,G+A,G-PK,G+A-PK,Matches
51,Victor Avila,pa PAN,FW,pa CA Independiente,25,1998,2,1,107,1.2,0,0,0,0,0,0,0,0,0,0,0,0,0,Matches
52,Tomás Avilés,ar ARG,DF,us Inter Miami,19,2004,4,4,360,4,1,0,1,1,0,0,0,0,0.25,0,0.25,0.25,0.25,Matches
53,Beni Badibanga,be BEL,MF,ca Forge FC,27,1996,2,2,155,1.7,0,0,0,0,0,0,0,0,0,0,0,0,0,Matches
54,Claudio Baeza,cl CHI,MF,mx Toluca,30,1993,2,1,86,1,0,0,0,0,0,0,1,0,0,0,0,0,0,Matches
55,Corey Baird,us USA,FW,us FC Cincinnati,28,1996,3,3,216,2.4,0,0,0,0,0,0,1,0,0,0,0,0,0,Matches
56,Esmir Bajraktarevic,ba BIH,"FW,MF",us NE Revolution,18,2005,6,3,355,3.9,1,3,4,1,0,0,0,0,0.25,0.76,1.01,0.25,1.01,Matches
57,Leyvin Balanta,co COL,DF,ni Real Estelí FC,33,1990,2,1,89,1,0,0,0,0,0,0,0,0,0,0,0,0,0,Matches
58,Maicol Balanta,co COL,"FW,MF",ni Real Estelí FC,34,1990,1,0,8,0.1,0,0,0,0,0,0,0,0,0,0,0,0,0,Matches
59,Leandro Balotelli,br BRA,FW,sr SV Robinhood,33,1990,2,2,80,0.9,0,0,0,0,0,0,0,0,0,0,0,0,0,Matches
60,Vino Barclett,lc LCA,GK,jm Cavalier FC,24,1999,1,1,90,1,0,0,0,0,0,0,0,0,0,0,0,0,0,Matches
61,Michael Barrantes,cr CRC,MF,cr Alajuelense,40,1983,1,0,32,0.4,0,0,0,0,0,0,0,0,0,0,0,0,0,Matches
62,Sergio Barreto,ar ARG,DF,mx Pachuca,24,1999,5,3,302,3.4,0,0,0,0,0,0,0,0,0,0,0,0,0,Matches
63,Ethan Bartlow,us USA,DF,us Houston Dynamo,23,2000,3,2,233,2.6,0,0,0,0,0,0,1,0,0,0,0,0,0,Matches
64,Amine Bassi,fr FRA,"MF,FW",us Houston Dynamo,26,1997,3,2,204,2.3,0,0,0,0,0,0,0,0,0,0,0,0,0,Matches
65,Juan Basulto,mx MEX,DF,cr Herediano,32,1992,2,1,110,1.2,0,0,0,0,0,0,0,0,0,0,0,0,0,Matches
66,Keylon Batiz,ni NCA,FW,ni Real Estelí FC,28,1996,1,0,28,0.3,0,0,0,0,0,0,0,0,0,0,0,0,0,Matches
67,Josh Bauer,us USA,DF,us Nashville SC,25,1998,3,1,146,1.6,0,0,0,0,0,0,0,0,0,0,0,0,0,Matches
68,Alán Bautista,mx MEX,MF,mx Pachuca,21,2002,6,0,133,1.5,2,0,2,2,0,0,0,0,1.35,0,1.35,1.35,1.35,Matches
69,Alejandro Bedoya,us USA,MF,us Philadelphia Union,36,1987,4,2,229,2.5,0,0,0,0,0,0,1,0,0,0,0,0,0,Matches
70,Kyle Bekker,ca CAN,MF,ca Forge FC,33,1990,2,2,180,2,0,0,0,0,0,0,0,0,0,0,0,0,0,Matches
71,Alierio Belfor,sr SUR,DF,sr SV Robinhood,24,1999,2,2,180,2,0,0,0,0,0,0,0,0,0,0,0,0,0,Matches
72,Tomás Belmonte,ar ARG,MF,mx Toluca,25,1998,1,1,45,0.5,0,1,1,0,0,0,1,0,0,2,2,0,2,Matches
73,Fernando Beltrán,mx MEX,MF,mx Guadalajara,25,1998,3,3,242,2.7,0,0,0,0,0,0,0,0,0,0,0,0,0,Matches
74,Sebastian Berhalter,us USA,MF,ca Vancouver W'caps,22,2001,2,1,81,0.9,0,0,0,0,0,0,1,0,0,0,0,0,0,Matches
75,Jorge Berlanga,mx MEX,DF,mx Pachuca,20,2003,2,2,180,2,0,0,0,0,0,0,2,0,0,0,0,0,0,Matches
Rk,Player,Nation,Pos,Squad,Age,Born,MP,Starts,Min,90s,Gls,Ast,G+A,G-PK,PK,PKatt,CrdY,CrdR,Gls,Ast,G+A,G-PK,G+A-PK,Matches
76,Germán Berterame,mx MEX,FW,mx Monterrey,25,1998,7,3,346,3.8,2,2,4,2,0,0,0,0,0.52,0.52,1.04,0.52,1.04,Matches
77,Javier Betegón,pa PAN,FW,pa CA Independiente,20,2003,1,0,35,0.4,0,0,0,0,0,0,0,0,0,0,0,0,0,Matches
78,Myer Bevan,nz NZL,FW,ca Cavalry FC,26,1997,2,1,122,1.4,1,0,1,1,0,0,0,0,0.74,0,0.74,0.74,0.74,Matches
79,Tristan Blackmon,us USA,DF,ca Vancouver W'caps,27,1996,2,2,171,1.9,0,0,0,0,0,0,0,0,0,0,0,0,0,Matches
80,Andre Blake,jm JAM,GK,us Philadelphia Union,33,1990,3,3,270,3,0,0,0,0,0,0,0,0,0,0,0,0,0,Matches
81,Njabulo Blom,za RSA,"DF,MF",us St. Louis City,24,1999,1,0,28,0.3,0,0,0,0,0,0,0,0,0,0,0,0,0,Matches
82,Emmanuel Boateng,gh GHA,MF,us NE Revolution,30,1994,5,1,120,1.3,0,0,0,0,0,0,0,0,0,0,0,0,0,Matches
83,Byron Bonilla,ni NCA,"MF,FW",ni Real Estelí FC,30,1993,2,2,162,1.8,1,1,2,0,1,1,0,0,0.56,0.56,1.11,0,0.56,Matches
84,Celso Borges,cr CRC,MF,cr Alajuelense,35,1988,2,2,147,1.6,0,0,0,0,0,0,0,0,0,0,0,0,0,Matches
85,Tristan Borges,ca CAN,MF,ca Forge FC,25,1998,2,1,142,1.6,0,1,1,0,0,0,0,0,0,0.63,0.63,0,0.63,Matches
86,Aaron Boupendza,ga GAB,FW,us FC Cincinnati,27,1996,3,3,234,2.6,1,0,1,1,0,0,0,0,0.38,0,0.38,0.38,0.38,Matches
87,Tyler Boyd,us USA,"FW,MF",us Nashville SC,29,1994,3,3,258,2.9,1,0,1,1,0,0,0,0,0.35,0,0.35,0.35,0.35,Matches
88,David Brekalo,si SVN,DF,us Orlando City,25,1998,2,2,180,2,0,0,0,0,0,0,0,0,0,0,0,0,0,Matches
89,Jefferson Brenes,cr CRC,MF,cr Saprissa,26,1997,2,2,150,1.7,0,0,0,0,0,0,0,0,0,0,0,0,0,Matches
90,Juan Brigido,mx MEX,FW,mx Guadalajara,22,2001,1,0,20,0.2,0,0,0,0,0,0,0,0,0,0,0,0,0,Matches
91,Antonio Briseño,mx MEX,DF,mx Guadalajara,29,1994,4,4,360,4,0,0,0,0,0,0,1,0,0,0,0,0,0,Matches
92,Isaác Brizuela,mx MEX,FW,mx Guadalajara,33,1990,3,1,130,1.4,0,0,0,0,0,0,0,0,0,0,0,0,0,Matches
93,Lleyton Brooks,au AUS,FW,ca Cavalry FC,22,2001,1,0,12,0.1,0,0,0,0,0,0,0,0,0,0,0,0,0,Matches
94,Javain Brown,jm JAM,DF,ca Vancouver W'caps,24,1999,2,0,36,0.4,0,0,0,0,0,0,0,0,0,0,0,0,0,Matches
95,Keyner Brown,cr CRC,DF,cr Herediano,32,1991,1,1,44,0.5,0,0,0,0,0,0,0,0,0,0,0,0,0,Matches
96,Juan Brunetta,ar ARG,MF,mx UANL,26,1997,6,4,347,3.9,0,0,0,0,0,0,0,0,0,0,0,0,0,Matches
97,Pavel Bucha,cz CZE,MF,us FC Cincinnati,25,1998,3,3,262,2.9,0,0,0,0,0,0,0,0,0,0,0,0,0,Matches
98,Noel Buck,eng ENG,MF,us NE Revolution,18,2005,5,2,200,2.2,0,0,0,0,0,0,0,0,0,0,0,0,0,Matches
99,Teal Bunbury,us USA,"FW,MF",us Nashville SC,33,1990,2,0,47,0.5,0,1,1,0,0,0,1,0,0,1.91,1.91,0,1.91,Matches
100,Roman Bürki,ch SUI,GK,us St. Louis City,33,1990,2,2,180,2,0,0,0,0,0,0,0,0,0,0,0,0,0,Matches
Rk,Player,Nation,Pos,Squad,Age,Born,MP,Starts,Min,90s,Gls,Ast,G+A,G-PK,PK,PKatt,CrdY,CrdR,Gls,Ast,G+A,G-PK,G+A-PK,Matches
101,Sergio Busquets,es ESP,MF,us Inter Miami,35,1988,4,4,360,4,0,1,1,0,0,0,1,0,0,0.25,0.25,0,0.25,Matches
102,Kevin Cabezas,cr CRC,MF,cr Alajuelense,24,1999,1,1,90,1,0,0,0,0,0,0,0,0,0,0,0,0,0,Matches
103,Gustavo Cabral,ar ARG,DF,mx Pachuca,38,1985,6,6,525,5.8,0,0,0,0,0,0,2,0,0,0,0,0,0,Matches
104,Sebastián Cáceres,uy URU,DF,mx América,24,1999,6,6,397,4.4,0,0,0,0,0,0,1,0,0,0,0,0,0,Matches
105,Mackenson Cadet,tc TCA,MF,jm Cavalier FC,24,2000,2,1,113,1.3,0,0,0,0,0,0,0,0,0,0,0,0,0,Matches
106,Cristian Calderón,mx MEX,"DF,MF",mx América,26,1997,6,6,494,5.5,1,0,1,1,0,0,2,0,0.18,0,0.18,0.18,0.18,Matches
107,Drake Callender,us USA,GK,us Inter Miami,26,1997,4,4,360,4,0,0,0,0,0,0,0,0,0,0,0,0,0,Matches
108,Jalmaro Calvin,ag ATG,"MF,FW",jm Cavalier FC,20,2003,2,2,164,1.8,0,0,0,0,0,0,1,0,0,0,0,0,0,Matches
109,Rudy Camacho,fr FRA,DF,us Columbus Crew,32,1991,5,5,433,4.8,0,0,0,0,0,0,0,0,0,0,0,0,0,Matches
110,Sergio Camargo,ca CAN,MF,ca Cavalry FC,29,1994,2,2,148,1.6,0,0,0,0,0,0,0,0,0,0,0,0,0,Matches
111,Felipe Cambindo,co COL,DF,do Moca FC,19,2004,2,2,152,1.7,0,0,0,0,0,0,0,0,0,0,0,0,0,Matches
112,Leonardo Campana,ec ECU,FW,us Inter Miami,23,2000,1,0,5,0.1,0,0,0,0,0,0,0,0,0,0,0,0,0,Matches
113,Joel Campbell,cr CRC,MF,cr Alajuelense,31,1992,2,2,140,1.6,0,0,0,0,0,0,0,0,0,0,0,0,0,Matches
114,Terran Campbell,ca CAN,FW,ca Forge FC,25,1998,2,2,133,1.5,1,0,1,1,0,0,0,0,0.68,0,0.68,0.68,0.68,Matches
115,Diego Campos,cr CRC,MF,cr Alajuelense,28,1995,2,1,87,1,0,0,0,0,0,0,0,0,0,0,0,0,0,Matches
116,Joshua Canales,hn HON,MF,cr Herediano,23,2000,3,0,95,1.1,1,1,2,1,0,0,0,0,0.95,0.95,1.89,0.95,1.89,Matches
117,Sergio Canales,es ESP,"MF,FW",mx Monterrey,32,1991,7,6,527,5.9,0,0,0,0,0,0,0,0,0,0,0,0,0,Matches
118,Marco Carducci,ca CAN,GK,ca Cavalry FC,27,1996,2,2,180,2,0,0,0,0,0,0,0,0,0,0,0,0,0,Matches
119,Rafael Carioca,br BRA,MF,mx UANL,34,1989,4,4,337,3.7,0,1,1,0,0,0,0,1,0,0.27,0.27,0,0.27,Matches
120,José Carlos Pinto,gt GUA,DF,gt Comunicaciones,30,1993,2,2,180,2,0,0,0,0,0,0,0,0,0,0,0,0,0,Matches
121,Julián Carranza,ar ARG,FW,us Philadelphia Union,23,2000,3,2,213,2.4,4,0,4,4,0,0,1,0,1.69,0,1.69,1.69,1.69,Matches
122,Adalberto Carrasquilla,pa PAN,"MF,FW",us Houston Dynamo,25,1998,4,4,317,3.5,0,0,0,0,0,0,0,0,0,0,0,0,0,Matches
123,Wilder Cartagena,pe PER,MF,us Orlando City,29,1994,4,4,315,3.5,0,0,0,0,0,0,2,0,0,0,0,0,0,Matches
124,José Castillo Pérez,mx MEX,DF,mx Guadalajara,22,2001,2,2,180,2,1,0,1,1,0,0,0,0,0.5,0,0.5,0.5,0.5,Matches
125,Edward Cedeño,pa PAN,MF,cr Alajuelense,20,2003,1,1,90,1,0,0,0,0,0,0,0,0,0,0,0,0,0,Matches
Rk,Player,Nation,Pos,Squad,Age,Born,MP,Starts,Min,90s,Gls,Ast,G+A,G-PK,PK,PKatt,CrdY,CrdR,Gls,Ast,G+A,G-PK,G+A-PK,Matches
126,Roman Celentano,us USA,GK,us FC Cincinnati,23,2000,4,4,360,4,0,0,0,0,0,0,0,0,0,0,0,0,0,Matches
127,Kevin Chamorro,cr CRC,GK,cr Saprissa,23,2000,2,2,210,2.3,0,0,0,0,0,0,0,0,0,0,0,0,0,Matches
128,Tomás Chancalay,ar ARG,"FW,MF",us NE Revolution,25,1999,6,5,393,4.4,4,0,4,3,1,1,0,0,0.92,0,0.92,0.69,0.69,Matches
129,Mateo Chávez,mx MEX,"MF,DF",mx Guadalajara,19,2004,2,2,177,2,0,0,0,0,0,0,0,0,0,0,0,0,0,Matches
130,Yevhen Cheberko,ua UKR,DF,us Columbus Crew,26,1998,7,7,620,6.9,0,0,0,0,0,0,0,0,0,0,0,0,0,Matches
131,David Choinière,ca CAN,FW,ca Forge FC,26,1997,2,1,103,1.1,0,1,1,0,0,0,0,0,0,0.87,0.87,0,0.87,Matches
132,Ronaldo Cisneros,mx MEX,FW,mx Guadalajara,27,1997,1,1,45,0.5,0,0,0,0,0,0,0,0,0,0,0,0,0,Matches
133,Steve Clark,us USA,GK,us Houston Dynamo,37,1986,4,4,360,4,0,0,0,0,0,0,1,0,0,0,0,0,0,Matches
134,Davis Contreras,pa PAN,MF,pa CA Independiente,22,2001,2,2,180,2,0,0,0,0,0,0,0,0,0,0,0,0,0,Matches
135,José Corena,co COL,MF,gt Comunicaciones,31,1992,2,2,180,2,0,0,0,0,0,0,0,0,0,0,0,0,0,Matches
136,Jesús Corona,mx MEX,MF,mx Monterrey,31,1993,3,1,105,1.2,1,0,1,1,0,0,0,0,0.86,0,0.86,0.86,0.86,Matches
137,Jordi Cortizo,mx MEX,"MF,FW",mx Monterrey,27,1996,7,2,243,2.7,0,1,1,0,0,0,0,0,0,0.37,0.37,0,0.37,Matches
138,Cade Cowell,us USA,FW,mx Guadalajara,20,2003,4,3,244,2.7,3,1,4,3,0,0,0,0,1.11,0.37,1.48,1.11,1.48,Matches
139,Aarón Cruz,cr CRC,GK,cr Herediano,32,1991,2,2,180,2,0,0,0,0,0,0,0,0,0,0,0,0,0,Matches
140,Allan Cruz,cr CRC,MF,cr Herediano,27,1996,5,5,393,4.4,0,0,0,0,0,0,1,0,0,0,0,0,0,Matches
141,Andrés Cubas,py PAR,MF,ca Vancouver W'caps,27,1996,1,1,90,1,0,0,0,0,0,0,1,0,0,0,0,0,0,Matches
142,Cucho,co COL,"FW,MF",us Columbus Crew,24,1999,6,5,483,5.4,2,0,2,2,0,0,0,0,0.37,0,0.37,0.37,0.37,Matches
143,Sergio Cunningham,pa PAN,MF,ni Real Estelí FC,29,1994,2,1,82,0.9,0,0,0,0,0,0,0,0,0,0,0,0,0,Matches
144,Richard Dabas,do DOM,"MF,DF",do Moca FC,29,1994,2,2,180,2,0,0,0,0,0,0,0,0,0,0,0,0,0,Matches
145,Jesse Daley,au AUS,MF,ca Cavalry FC,26,1997,1,1,90,1,0,0,0,0,0,0,0,0,0,0,0,0,0,Matches
146,Dagur Dan Þórhallsson,is ISL,DF,us Orlando City,23,2000,3,3,270,3,0,1,1,0,0,0,1,0,0,0.33,0.33,0,0.33,Matches
147,Jesús Daniel Bueno,ve VEN,MF,us Philadelphia Union,24,1999,4,1,139,1.5,0,0,0,0,0,0,0,0,0,0,0,0,0,Matches
148,Orman Davis,pa PAN,DF,pa CA Independiente,21,2002,2,2,180,2,0,0,0,0,0,0,0,0,0,0,0,0,0,Matches
149,Sean Davis,us USA,MF,us Nashville SC,30,1993,3,3,236,2.6,0,1,1,0,0,0,0,0,0,0.38,0.38,0,0.38,Matches
150,Javier De la Espada,pa PAN,MF,pa CA Independiente,25,1998,1,0,45,0.5,0,0,0,0,0,0,1,0,0,0,0,0,0,Matches
Rk,Player,Nation,Pos,Squad,Age,Born,MP,Starts,Min,90s,Gls,Ast,G+A,G-PK,PK,PKatt,CrdY,CrdR,Gls,Ast,G+A,G-PK,G+A-PK,Matches
151,Nelson Deossa,co COL,MF,mx Pachuca,23,2000,7,7,585,6.5,2,2,4,2,0,0,0,0,0.31,0.31,0.62,0.31,0.62,Matches
152,Lucas Dias,pt POR,MF,ca Cavalry FC,21,2003,1,0,23,0.3,0,0,0,0,0,0,0,0,0,0,0,0,0,Matches
153,Luis Díaz,cr CRC,MF,cr Saprissa,25,1998,2,2,114,1.3,0,0,0,0,0,0,0,0,0,0,0,0,0,Matches
154,Javairô Dilrosun,nl NED,MF,mx América,25,1998,5,1,146,1.6,0,1,1,0,0,0,0,0,0,0.62,0.62,0,0.62,Matches
155,Ronaldo Dinolis,pa PAN,FW,pa CA Independiente,29,1994,2,2,148,1.6,0,0,0,0,0,0,0,0,0,0,0,0,0,Matches
156,Alexei Dominguez,mx MEX,MF,mx Pachuca,19,2005,4,0,94,1,1,0,1,1,0,0,0,0,0.96,0,0.96,0.96,0.96,Matches
157,Christopher Donovan,us USA,FW,us Philadelphia Union,23,2000,2,0,42,0.5,0,0,0,0,0,0,0,0,0,0,0,0,0,Matches
158,Griffin Dorsey,us USA,"DF,MF",us Houston Dynamo,24,1999,4,4,350,3.9,1,0,1,0,1,1,1,0,0.26,0,0.26,0,0,Matches
159,Jonathan dos Santos,mx MEX,MF,mx América,33,1990,6,6,471,5.2,0,0,0,0,0,0,2,0,0,0,0,0,0,Matches
160,Andres Dumitrescu,sr SUR,FW,sr SV Robinhood,22,2001,2,0,16,0.2,0,0,0,0,0,0,0,0,0,0,0,0,0,Matches
161,Malcolm Duncan,ca CAN,DF,ca Forge FC,24,1999,2,1,95,1.1,0,0,0,0,0,0,0,0,0,0,0,0,0,Matches
162,Kelvin Durán,do DOM,DF,do Moca FC,29,1994,2,2,180,2,0,0,0,0,0,0,0,0,0,0,0,0,0,Matches
163,Chris Durkin,us USA,MF,us St. Louis City,23,2000,2,2,163,1.8,0,0,0,0,0,0,0,0,0,0,0,0,0,Matches
164,Javon East,jm JAM,FW,cr Saprissa,28,1995,2,1,138,1.5,0,0,0,0,0,0,0,0,0,0,0,0,0,Matches
165,Javier Eduardo López,mx MEX,MF,mx Pachuca,29,1994,1,0,15,0.2,0,2,2,0,0,0,0,0,0,12,12,0,12,Matches
166,Earl Edwards Jr.,us USA,GK,us NE Revolution,32,1992,2,2,180,2,0,0,0,0,0,0,0,0,0,0,0,0,0,Matches
167,Jack Elliott,eng ENG,DF,us Philadelphia Union,28,1995,2,1,111,1.2,0,0,0,0,0,0,0,1,0,0,0,0,0,Matches
168,Luis Enrique Quiñones,co COL,"MF,FW",mx UANL,32,1991,6,4,335,3.7,1,0,1,1,0,0,1,0,0.27,0,0.27,0.27,0.27,Matches
169,Ramiro Enrique,ar ARG,MF,us Orlando City,22,2001,4,1,168,1.9,1,0,1,1,0,0,0,0,0.54,0,0.54,0.54,0.54,Matches
170,Murgillio Esajas,sr SUR,MF,sr SV Robinhood,22,2001,1,0,3,0,0,0,0,0,0,0,0,0,0,0,0,0,0,Matches
171,Fidel Escobar,pa PAN,DF,cr Saprissa,29,1995,2,2,210,2.3,0,1,1,0,0,0,0,0,0,0.43,0.43,0,0.43,Matches
172,Franco Escobar,ar ARG,DF,us Houston Dynamo,28,1995,3,2,210,2.3,0,0,0,0,0,0,1,0,0,0,0,0,0,Matches
173,Juan Escobar,py PAR,DF,mx Toluca,28,1995,2,2,180,2,0,0,0,0,0,0,0,0,0,0,0,0,0,Matches
174,Karel Espino,cu CUB,DF,gt Comunicaciones,22,2001,1,0,45,0.5,0,0,0,0,0,0,0,0,0,0,0,0,0,Matches
175,Dagoberto Espinoza,mx MEX,MF,mx América,19,2004,1,0,25,0.3,0,0,0,0,0,0,0,0,0,0,0,0,0,Matches
Rk,Player,Nation,Pos,Squad,Age,Born,MP,Starts,Min,90s,Gls,Ast,G+A,G-PK,PK,PKatt,CrdY,CrdR,Gls,Ast,G+A,G-PK,G+A-PK,Matches
176,Enrique Etcheverry,uy URU,"MF,DF",do Moca FC,27,1996,2,2,165,1.8,0,0,0,0,0,0,0,0,0,0,0,0,0,Matches
177,Fernán Faerrón,cr CRC,DF,cr Herediano,23,2000,6,6,511,5.7,0,0,0,0,0,0,1,0,0,0,0,0,0,Matches
178,Andrew Farrell,us USA,DF,us NE Revolution,31,1992,5,4,370,4.1,0,0,0,0,0,0,0,0,0,0,0,0,0,Matches
179,Mohamed Farsi,dz ALG,MF,us Columbus Crew,24,1999,5,5,435,4.8,0,1,1,0,0,0,0,0,0,0.21,0.21,0,0.21,Matches
180,Felipe,br BRA,MF,us Orlando City,33,1990,3,2,158,1.8,0,0,0,0,0,0,0,0,0,0,0,0,0,Matches
181,Carlos Felipe Rodríguez,mx MEX,GK,mx UANL,34,1989,3,3,300,3.3,0,0,0,0,0,0,0,0,0,0,0,0,0,Matches
182,Luis Fernando Fuentes,mx MEX,DF,mx América,37,1986,3,2,173,1.9,0,1,1,0,0,0,0,0,0,0.52,0.52,0,0.52,Matches
183,Iván Fernando Ochoa,mx MEX,MF,ni Real Estelí FC,27,1996,2,2,124,1.4,0,0,0,0,0,0,0,0,0,0,0,0,0,Matches
184,Sebastián Ferreira,py PAR,FW,us Houston Dynamo,25,1998,1,1,24,0.3,0,0,0,0,0,0,0,0,0,0,0,0,0,Matches
185,Álvaro Fidalgo,es ESP,MF,mx América,26,1997,8,7,640,7.1,0,0,0,0,0,0,0,0,0,0,0,0,0,Matches
186,Luis Fields,pa PAN,MF,pa CA Independiente,20,2003,2,2,110,1.2,0,0,0,0,0,0,1,0,0,0,0,0,0,Matches
187,Sebastián Fierro,mx MEX,MF,mx UANL,22,2001,2,1,94,1,0,0,0,0,0,0,0,0,0,0,0,0,0,Matches
188,Marvin Fletes,ni NCA,DF,ni Real Estelí FC,26,1997,2,2,170,1.9,1,0,1,1,0,0,0,0,0.53,0,0.53,0.53,0.53,Matches
189,Marcelo Flores,mx MEX,MF,mx UANL,20,2003,3,3,255,2.8,1,0,1,1,0,0,0,0,0.35,0,0.35,0.35,0.35,Matches
190,Jonathan Fonkel,sr SUR,GK,sr SV Robinhood,18,2005,2,2,180,2,0,0,0,0,0,0,0,0,0,0,0,0,0,Matches
191,Douglas Forvis,ni NCA,GK,ni Real Estelí FC,31,1992,2,2,180,2,0,0,0,0,0,0,0,0,0,0,0,0,0,Matches
192,Isaiah Foster,us USA,DF,us FC Cincinnati,20,2003,1,0,45,0.5,1,0,1,1,0,0,0,0,2,0,2,2,2,Matches
193,José Francisco,do DOM,DF,do Moca FC,23,2000,1,0,24,0.3,0,0,0,0,0,0,0,0,0,0,0,0,0,Matches
194,Ariel Francisco Rodríguez,cr CRC,FW,cr Saprissa,34,1989,2,0,60,0.7,0,0,0,0,0,0,0,0,0,0,0,0,0,Matches
195,Christian Franco,mx MEX,DF,mx Monterrey,19,2004,1,0,13,0.1,0,0,0,0,0,0,0,0,0,0,0,0,0,Matches
196,Jaheem Frazer,jm JAM,MF,jm Cavalier FC,19,2004,1,0,16,0.2,0,0,0,0,0,0,0,0,0,0,0,0,0,Matches
197,Nicolás Freire,ar ARG,DF,us Inter Miami,29,1994,4,4,360,4,0,0,0,0,0,0,0,0,0,0,0,0,0,Matches
198,Keysher Fuller,cr CRC,DF,cr Herediano,29,1994,3,0,94,1,0,0,0,0,0,0,0,0,0,0,0,0,0,Matches
199,Julian Gaines,us USA,DF,us Nashville SC,21,2002,1,0,29,0.3,0,0,0,0,0,0,0,0,0,0,0,0,0,Matches
200,McKinze Gaines,us USA,MF,us Nashville SC,25,1998,3,1,115,1.3,1,0,1,1,0,0,0,0,0.78,0,0.78,0.78,0.78,Matches
Rk,Player,Nation,Pos,Squad,Age,Born,MP,Starts,Min,90s,Gls,Ast,G+A,G-PK,PK,PKatt,CrdY,CrdR,Gls,Ast,G+A,G-PK,G+A-PK,Matches
201,Jesús Gallardo,mx MEX,"MF,FW",mx Monterrey,29,1994,7,7,530,5.9,2,2,4,2,0,0,1,0,0.34,0.34,0.68,0.34,0.68,Matches
202,Pedro Gallese,pe PER,GK,us Orlando City,33,1990,3,3,270,3,0,0,0,0,0,0,0,0,0,0,0,0,0,Matches
203,Orlando Galo,cr CRC,MF,cr Herediano,23,2000,5,5,405,4.5,0,2,2,0,0,0,3,0,0,0.44,0.44,0,0.44,Matches
204,Alexis Gamboa,cr CRC,DF,cr Alajuelense,24,1999,2,2,180,2,0,0,0,0,0,0,0,0,0,0,0,0,0,Matches
205,Gael García,mx MEX,FW,mx Guadalajara,19,2004,2,1,48,0.5,0,0,0,0,0,0,0,0,0,0,0,0,0,Matches
206,Lynner García,gt GUA,FW,gt Comunicaciones,23,2000,1,0,24,0.3,0,0,0,0,0,0,0,0,0,0,0,0,0,Matches
207,Adrián Garza,mx MEX,FW,cr Herediano,23,2000,5,2,273,3,2,0,2,2,0,0,0,0,0.66,0,0.66,0.66,0.66,Matches
208,César Garza,mx MEX,MF,mx Monterrey,18,2005,2,0,31,0.3,0,0,0,0,0,0,0,0,0,0,0,0,0,Matches
209,Jesús Garza,mx MEX,"DF,MF",mx UANL,23,2000,4,3,285,3.2,0,0,0,0,0,0,0,0,0,0,0,0,0,Matches
210,Ryan Gauld,sct SCO,"MF,FW",ca Vancouver W'caps,28,1995,2,2,166,1.8,0,0,0,0,0,0,1,0,0,0,0,0,0,Matches
211,Dániel Gazdag,hu HUN,"MF,FW",us Philadelphia Union,27,1996,4,4,337,3.7,0,3,3,0,0,0,0,0,0,0.8,0.8,0,0.8,Matches
212,André-Pierre Gignac,fr FRA,FW,mx UANL,38,1985,6,6,528,5.9,4,0,4,3,1,1,0,0,0.68,0,0.68,0.51,0.51,Matches
213,Carles Gil,es ESP,MF,us NE Revolution,31,1992,4,3,228,2.5,0,1,1,0,0,0,0,0,0,0.39,0.39,0,0.39,Matches
214,Nacho Gil,es ESP,"MF,FW",us NE Revolution,28,1995,5,5,384,4.3,1,1,2,1,0,0,0,0,0.23,0.23,0.47,0.23,0.47,Matches
215,Jakob Glesnes,no NOR,DF,us Philadelphia Union,29,1994,4,4,390,4.3,0,0,0,0,0,0,0,0,0,0,0,0,0,Matches
216,Aníbal Godoy,pa PAN,MF,us Nashville SC,33,1990,4,4,276,3.1,0,0,0,0,0,0,1,0,0,0,0,0,0,Matches
217,Diego Gómez,py PAR,MF,us Inter Miami,20,2003,4,4,355,3.9,1,1,2,1,0,0,1,0,0.25,0.25,0.51,0.25,0.51,Matches
218,Alfonso González,mx MEX,"MF,FW",mx Monterrey,29,1994,3,2,131,1.5,1,0,1,1,0,0,0,0,0.69,0,0.69,0.69,0.69,Matches
219,Armando González,mx MEX,FW,mx Guadalajara,20,2003,1,0,31,0.3,0,0,0,0,0,0,0,0,0,0,0,0,0,Matches
220,Bryan González,mx MEX,DF,mx Pachuca,20,2003,7,7,618,6.9,1,1,2,1,0,0,2,0,0.15,0.15,0.29,0.15,0.29,Matches
221,Erick González,gt GUA,DF,gt Comunicaciones,24,1999,2,2,180,2,0,0,0,0,0,0,2,0,0,0,0,0,0,Matches
222,Jamel González,pa PAN,MF,pa CA Independiente,22,2001,1,0,28,0.3,0,0,0,0,0,0,0,0,0,0,0,0,0,Matches
223,Owen González,mx MEX,MF,mx Pachuca,20,2003,2,0,28,0.3,0,0,0,0,0,0,0,0,0,0,0,0,0,Matches
224,Fernando Gorriarán,uy URU,MF,mx UANL,29,1994,6,4,381,4.2,1,0,1,1,0,0,1,0,0.24,0,0.24,0.24,0.24,Matches
225,Omar Govea,mx MEX,MF,mx Monterrey,28,1996,3,1,122,1.4,0,0,0,0,0,0,1,0,0,0,0,0,0,Matches
Rk,Player,Nation,Pos,Squad,Age,Born,MP,Starts,Min,90s,Gls,Ast,G+A,G-PK,PK,PKatt,CrdY,CrdR,Gls,Ast,G+A,G-PK,G+A-PK,Matches
226,Ján Greguš,sk SVK,MF,us Houston Dynamo,33,1991,4,3,249,2.8,0,0,0,0,0,0,0,0,0,0,0,0,0,Matches
227,Julian Gressel,us USA,"DF,MF",us Inter Miami,30,1993,4,4,349,3.9,0,1,1,0,0,0,0,0,0,0.26,0.26,0,0.26,Matches
228,Edson Gutiérrez,mx MEX,DF,mx Monterrey,28,1996,4,3,279,3.1,0,0,0,0,0,0,0,0,0,0,0,0,0,Matches
229,Erick Gutiérrez,mx MEX,MF,mx Guadalajara,28,1995,3,2,164,1.8,1,0,1,1,0,0,0,0,0.55,0,0.55,0.55,0.55,Matches
230,Diego Gutiérrez Zuñiga,ca CAN,MF,ca Cavalry FC,26,1997,2,0,50,0.6,0,0,0,0,0,0,0,0,0,0,0,0,0,Matches
231,David Guzmán,cr CRC,MF,cr Saprissa,33,1990,1,0,75,0.8,0,0,0,0,0,0,0,0,0,0,0,0,0,Matches
232,Nahuel Guzmán,ar ARG,GK,mx UANL,37,1986,3,3,270,3,0,0,0,0,0,0,0,0,0,0,0,0,0,Matches
233,Víctor Guzmán,mx MEX,MF,mx Guadalajara,28,1995,2,1,72,0.8,0,0,0,0,0,0,0,0,0,0,0,0,0,Matches
234,Víctor Guzmán,mx MEX,DF,mx Monterrey,21,2002,6,4,422,4.7,0,0,0,0,0,0,0,0,0,0,0,0,0,Matches
235,Michael Halliday,us USA,DF,us Orlando City,21,2003,1,1,90,1,0,0,0,0,0,0,0,0,0,0,0,0,0,Matches
236,Bret Halsey,us USA,MF,us FC Cincinnati,23,2000,3,2,148,1.6,0,3,3,0,0,0,0,0,0,1.82,1.82,0,1.82,Matches
237,Jordan Hamilton,ca CAN,FW,ca Forge FC,27,1996,2,0,47,0.5,0,0,0,0,0,0,0,0,0,0,0,0,0,Matches
238,Ian Harkes,us USA,MF,us NE Revolution,28,1995,5,3,263,2.9,0,0,0,0,0,0,0,0,0,0,0,0,0,Matches
239,Nathan Harriel,us USA,DF,us Philadelphia Union,22,2001,4,3,255,2.8,0,0,0,0,0,0,0,0,0,0,0,0,0,Matches
240,Maël Henry,ca CAN,MF,ca Cavalry FC,19,2004,1,0,9,0.1,0,0,0,0,0,0,0,0,0,0,0,0,0,Matches
241,Anthony Hernández,cr CRC,FW,cr Alajuelense,22,2001,2,0,34,0.4,0,0,0,0,0,0,0,0,0,0,0,0,0,Matches
242,Bancy Hernández,ni NCA,"MF,FW",ni Real Estelí FC,23,2000,2,2,161,1.8,0,0,0,0,0,0,0,0,0,0,0,0,0,Matches
243,Illian Hernandez,mx MEX,FW,mx América,23,2000,1,1,55,0.6,0,0,0,0,0,0,0,0,0,0,0,0,0,Matches
244,Javier Hernández,mx MEX,FW,mx Guadalajara,35,1988,2,0,35,0.4,0,0,0,0,0,0,0,0,0,0,0,0,0,Matches
245,Jesús Hernández,mx MEX,MF,mx Pachuca,22,2001,2,0,26,0.3,0,0,0,0,0,0,0,0,0,0,0,0,0,Matches
246,Yoserth Hernández,cr CRC,MF,cr Saprissa,28,1996,1,1,69,0.8,0,0,0,0,0,0,0,0,0,0,0,0,0,Matches
247,Ozziel Herrera,mx MEX,MF,mx UANL,22,2001,6,2,276,3.1,1,1,2,1,0,0,1,0,0.33,0.33,0.65,0.33,0.65,Matches
248,Marino Hinestroza,co COL,"MF,FW",us Columbus Crew,21,2002,6,4,284,3.2,0,0,0,0,0,0,0,0,0,0,0,0,0,Matches
249,Grégory Hoarau,sr SUR,FW,sr SV Robinhood,39,1984,2,0,100,1.1,0,0,0,0,0,0,1,0,0,0,0,0,0,Matches
250,Alessandro Hojabrpour,ca CAN,MF,ca Forge FC,24,2000,2,2,180,2,0,0,0,0,0,0,0,0,0,0,0,0,0,Matches
Rk,Player,Nation,Pos,Squad,Age,Born,MP,Starts,Min,90s,Gls,Ast,G+A,G-PK,PK,PKatt,CrdY,CrdR,Gls,Ast,G+A,G-PK,G+A-PK,Matches
251,Valber Huerta,cl CHI,DF,mx Toluca,30,1993,1,1,45,0.5,0,0,0,0,0,0,0,0,0,0,0,0,0,Matches
252,Héctor Hurtado,pa PAN,MF,pa CA Independiente,25,1998,2,2,180,2,0,0,0,0,0,0,0,0,0,0,0,0,0,Matches
253,Nicolás Ibáñez,ar ARG,"FW,MF",mx UANL,29,1994,4,0,50,0.6,0,0,0,0,0,0,1,0,0,0,0,0,0,Matches
254,Aliyu Ibrahim,ng NGA,"MF,FW",us Houston Dynamo,22,2002,4,3,265,2.9,0,1,1,0,0,0,0,0,0,0.34,0.34,0,0.34,Matches
255,Oussama Idrissi,ma MAR,MF,mx Pachuca,27,1996,7,7,578,6.4,1,6,7,1,0,0,1,0,0.16,0.93,1.09,0.16,1.09,Matches
256,Bjørn Inge Utvik,no NOR,DF,ca Vancouver W'caps,27,1996,1,0,9,0.1,0,0,0,0,0,0,0,0,0,0,0,0,0,Matches
257,Gadial Irving,jm JAM,DF,jm Cavalier FC,25,1998,2,2,135,1.5,0,0,0,0,0,0,0,0,0,0,0,0,0,Matches
258,Mauricio Isais,mx MEX,"MF,DF",mx Toluca,22,2001,2,2,158,1.8,1,0,1,1,0,0,2,1,0.57,0,0.57,0.57,0.57,Matches
259,Aziel Jackson,us USA,MF,us St. Louis City,22,2001,2,1,118,1.3,0,0,0,0,0,0,0,0,0,0,0,0,0,Matches
260,John Jairo Ruiz,cr CRC,MF,cr Herediano,30,1994,4,1,91,1,0,0,0,0,0,0,0,1,0,0,0,0,0,Matches
261,Manjrekar James,ca CAN,DF,cr Alajuelense,30,1993,2,2,180,2,0,0,0,0,0,0,1,0,0,0,0,0,0,Matches
262,Robin Jansson,se SWE,DF,us Orlando City,32,1991,3,3,270,3,0,0,0,0,0,0,0,0,0,0,0,0,0,Matches
263,Luis Javier Paradela,cu CUB,MF,cr Saprissa,27,1997,2,1,99,1.1,1,1,2,0,1,1,0,0,0.91,0.91,1.82,0,0.91,Matches
264,Noah Jensen,ca CAN,MF,ca Forge FC,24,1999,2,1,99,1.1,0,0,0,0,0,0,0,0,0,0,0,0,0,Matches
265,Juan de Jesús,do DOM,DF,do Moca FC,21,2002,1,0,15,0.2,0,0,0,0,0,0,0,0,0,0,0,0,0,Matches
266,Antonio de Jesús López,gt GUA,FW,gt Comunicaciones,26,1997,2,1,108,1.2,0,0,0,0,0,0,0,0,0,0,0,0,0,Matches
267,Keudy Jiménez,do DOM,DF,do Moca FC,19,2004,1,0,28,0.3,0,0,0,0,0,0,1,0,0,0,0,0,0,Matches
268,Stiven Jimenez,us USA,MF,us FC Cincinnati,16,2007,1,0,45,0.5,0,0,0,0,0,0,0,0,0,0,0,0,0,Matches
269,Levonte Johnson,ca CAN,FW,ca Vancouver W'caps,24,1999,1,0,10,0.1,0,0,0,0,0,0,0,0,0,0,0,0,0,Matches
270,DeJuan Jones,us USA,DF,us NE Revolution,26,1997,5,4,383,4.3,0,1,1,0,0,0,1,0,0,0.23,0.23,0,0.23,Matches
271,Derrick Jones,us USA,MF,us Columbus Crew,26,1997,4,2,208,2.3,0,0,0,0,0,0,1,0,0,0,0,0,0,Matches
272,Juan José Sánchez,mx MEX,DF,mx UANL,26,1998,3,1,97,1.1,0,0,0,0,0,0,1,0,0,0,0,0,0,Matches
273,José Juan Macías,mx MEX,FW,mx Guadalajara,24,1999,1,0,4,0,0,0,0,0,0,0,0,0,0,0,0,0,0,Matches
274,Ramón Juárez,mx MEX,DF,mx América,22,2001,5,3,336,3.7,0,0,0,0,0,0,2,0,0,0,0,0,0,Matches
275,Juari,,MF,sr SV Robinhood,,,2,0,48,0.5,0,0,0,0,0,0,0,0,0,0,0,0,0,Matches
Rk,Player,Nation,Pos,Squad,Age,Born,MP,Starts,Min,90s,Gls,Ast,G+A,G-PK,PK,PKatt,CrdY,CrdR,Gls,Ast,G+A,G-PK,G+A-PK,Matches
276,Brent Kallman,us USA,DF,us Nashville SC,33,1990,1,1,90,1,0,0,0,0,0,0,0,0,0,0,0,0,0,Matches
277,Christopher Kalongo,ca CAN,GK,ca Forge FC,22,2002,2,2,180,2,0,0,0,0,0,0,0,0,0,0,0,0,0,Matches
278,Bradley Kamdem,fr FRA,DF,ca Cavalry FC,29,1994,2,1,111,1.2,0,0,0,0,0,0,0,0,0,0,0,0,0,Matches
279,Khadim Kane,ca CAN,MF,ca Forge FC,18,2005,1,0,6,0.1,0,0,0,0,0,0,0,0,0,0,0,0,0,Matches
280,Mark-Anthony Kaye,ca CAN,MF,us NE Revolution,29,1994,6,3,314,3.5,1,0,1,1,0,0,1,0,0.29,0,0.29,0.29,0.29,Matches
281,Ac Keini Meusa,sr SUR,DF,sr SV Robinhood,30,1993,2,2,180,2,0,0,0,0,0,0,0,0,0,0,0,0,0,Matches
282,Kipp Keller,us USA,DF,us FC Cincinnati,23,2000,3,1,100,1.1,0,0,0,0,0,0,0,0,0,0,0,0,0,Matches
283,Henry Kessler,us USA,DF,us NE Revolution,25,1998,4,3,193,2.1,0,0,0,0,0,0,1,0,0,0,0,0,0,Matches
284,Hosei Kijima,jp JPN,MF,us St. Louis City,21,2002,2,1,76,0.8,1,0,1,1,0,0,0,0,1.18,0,1.18,1.18,1.18,Matches
285,Richard King,jm JAM,DF,jm Cavalier FC,22,2001,2,2,180,2,0,0,0,0,0,0,1,0,0,0,0,0,0,Matches
286,Klauss,br BRA,FW,us St. Louis City,26,1997,2,2,180,2,0,0,0,0,0,0,0,0,0,0,0,0,0,Matches
287,Daan Klomp,nl NED,DF,ca Cavalry FC,25,1998,2,2,180,2,0,0,0,0,0,0,1,0,0,0,0,0,0,Matches
288,Eryk Kobza,ca CAN,DF,ca Cavalry FC,22,2001,2,2,180,2,0,0,0,0,0,0,0,0,0,0,0,0,0,Matches
289,Sebastian Kowalczyk,pl POL,FW,us Houston Dynamo,25,1998,4,3,254,2.8,1,0,1,1,0,0,0,0,0.35,0,0.35,0.35,0.35,Matches
290,Damir Kreilach,hr CRO,FW,ca Vancouver W'caps,34,1989,2,2,149,1.7,1,0,1,1,0,0,0,0,0.6,0,0.6,0.6,0.6,Matches
291,Serhiy Kryvtsov,ua UKR,DF,us Inter Miami,32,1991,2,2,166,1.8,0,0,0,0,0,0,0,0,0,0,0,0,0,Matches
292,Yuya Kubo,jp JPN,MF,us FC Cincinnati,30,1993,3,3,270,3,0,0,0,0,0,0,0,0,0,0,0,0,0,Matches
293,Roberto de la Rosa,mx MEX,FW,mx Pachuca,24,2000,2,0,24,0.3,0,0,0,0,0,0,0,0,0,0,0,0,0,Matches
294,Mathías Laborda,uy URU,DF,ca Vancouver W'caps,24,1999,2,2,180,2,0,0,0,0,0,0,0,0,0,0,0,0,0,Matches
295,Diego Lainez,mx MEX,MF,mx UANL,23,2000,5,2,176,2,0,2,2,0,0,0,1,0,0,1.02,1.02,0,1.02,Matches
296,Jeovanni Laing,jm JAM,DF,jm Cavalier FC,23,2000,2,2,180,2,0,0,0,0,0,0,0,0,0,0,0,0,0,Matches
297,Emilio Lara,mx MEX,DF,mx América,21,2002,1,1,55,0.6,0,0,0,0,0,0,0,0,0,0,0,0,0,Matches
298,Ian Lawrence,cr CRC,DF,cr Alajuelense,21,2002,2,2,144,1.6,0,0,0,0,0,0,1,0,0,0,0,0,0,Matches
299,Fernando Lesme,py PAR,FW,cr Alajuelense,21,2002,1,1,45,0.5,0,0,0,0,0,0,0,0,0,0,0,0,0,Matches
300,Alexandre Lezcano,cr CRC,GK,cr Herediano,22,2001,4,4,360,4,0,0,0,0,0,0,0,0,0,0,0,0,0,Matches
Rk,Player,Nation,Pos,Squad,Age,Born,MP,Starts,Min,90s,Gls,Ast,G+A,G-PK,PK,PKatt,CrdY,CrdR,Gls,Ast,G+A,G-PK,G+A-PK,Matches
301,Andrés Lezcano,gt GUA,FW,gt Comunicaciones,33,1990,2,0,65,0.7,0,0,0,0,0,0,0,0,0,0,0,0,0,Matches
302,Igor Lichnovsky,cl CHI,DF,mx América,29,1994,7,7,630,7,0,0,0,0,0,0,2,0,0,0,0,0,0,Matches
303,Nick Lima,us USA,DF,us NE Revolution,29,1994,5,3,280,3.1,1,1,2,1,0,0,0,0,0.32,0.32,0.64,0.32,0.64,Matches
304,Nicolás Lodeiro,uy URU,MF,us Orlando City,34,1989,4,2,254,2.8,1,1,2,1,0,0,1,0,0.35,0.35,0.71,0.35,0.71,Matches
305,Azarias Londoño,pa PAN,FW,gt Comunicaciones,22,2001,1,1,61,0.7,0,0,0,0,0,0,0,0,0,0,0,0,0,Matches
306,Edgar López,mx MEX,FW,mx Toluca,24,1999,2,0,59,0.7,0,0,0,0,0,0,0,0,0,0,0,0,0,Matches
307,Marlon López,ni NCA,MF,ni Real Estelí FC,31,1992,2,2,180,2,0,0,0,0,0,0,2,0,0,0,0,0,0,Matches
308,René López,mx MEX,DF,mx Pachuca,22,2002,1,0,12,0.1,0,0,0,0,0,0,0,0,0,0,0,0,0,Matches
309,Victor Lopez,mx MEX,FW,mx Monterrey,20,2003,3,0,47,0.5,0,0,0,0,0,0,0,0,0,0,0,0,0,Matches
310,Yael López,cr CRC,MF,cr Alajuelense,25,1998,1,0,36,0.4,0,0,0,0,0,0,0,0,0,0,0,0,0,Matches
311,Roberto Louima,ht HAI,MF,do Moca FC,26,1997,2,1,107,1.2,0,0,0,0,0,0,0,0,0,0,0,0,0,Matches
312,Daniel Lovitz,us USA,DF,us Nashville SC,32,1991,3,3,224,2.5,0,0,0,0,0,0,0,0,0,0,0,0,0,Matches
313,Damion Lowe,jm JAM,DF,us Philadelphia Union,30,1993,3,2,211,2.3,0,0,0,0,0,0,3,0,0,0,0,0,0,Matches
314,Eduard Löwen,de GER,"DF,MF",us St. Louis City,27,1997,2,0,36,0.4,0,0,0,0,0,0,0,0,0,0,0,0,0,Matches
315,Juan Luis Anangonó,ec ECU,FW,gt Comunicaciones,34,1989,2,2,178,2,0,0,0,0,0,0,0,0,0,0,0,0,0,Matches
316,Israel Luna,mx MEX,MF,mx Pachuca,21,2002,2,1,58,0.6,0,0,0,0,0,0,0,0,0,0,0,0,0,Matches
317,Jack Lynn,us USA,FW,us Orlando City,24,2000,2,0,23,0.3,0,0,0,0,0,0,0,0,0,0,0,0,0,Matches
318,Lukas MacNaughton,ca CAN,DF,us Nashville SC,28,1995,4,3,299,3.3,0,0,0,0,0,0,0,0,0,0,0,0,0,Matches
319,Warren Madrigal,cr CRC,"MF,FW",cr Saprissa,19,2004,2,2,150,1.7,1,0,1,1,0,0,0,0,0.6,0,0.6,0.6,0.6,Matches
320,Jack Maher,us USA,DF,us Nashville SC,24,1999,2,1,99,1.1,0,0,0,0,0,0,0,0,0,0,0,0,0,Matches
321,José Manuel Contreras,gt GUA,MF,gt Comunicaciones,38,1986,2,2,111,1.2,0,0,0,0,0,0,0,0,0,0,0,0,0,Matches
322,Ricardo Marín,mx MEX,FW,mx Guadalajara,25,1998,4,3,249,2.8,2,0,2,2,0,0,0,0,0.72,0,0.72,0.72,0.72,Matches
323,Anthony Markanich,ph PHI,DF,us St. Louis City,24,1999,2,1,137,1.5,0,0,0,0,0,0,0,0,0,0,0,0,0,Matches
324,Henry Martín,mx MEX,FW,mx América,31,1992,7,6,503,5.6,4,2,6,4,0,0,0,0,0.72,0.36,1.07,0.72,1.07,Matches
325,Carlos Martínez,cr CRC,DF,cr Alajuelense,24,1999,1,1,90,1,0,0,0,0,0,0,0,0,0,0,0,0,0,Matches
Rk,Player,Nation,Pos,Squad,Age,Born,MP,Starts,Min,90s,Gls,Ast,G+A,G-PK,PK,PKatt,CrdY,CrdR,Gls,Ast,G+A,G-PK,G+A-PK,Matches
326,Evert Martínez,ni NCA,DF,ni Real Estelí FC,21,2002,2,2,180,2,0,0,0,0,0,0,0,0,0,0,0,0,0,Matches
327,Jaziel Martínez,mx MEX,MF,mx Monterrey,23,2000,1,1,65,0.7,0,0,0,0,0,0,0,0,0,0,0,0,0,Matches
328,Raúl Martínez,mx MEX,DF,mx Guadalajara,20,2003,1,0,24,0.3,0,0,0,0,0,0,0,0,0,0,0,0,0,Matches
329,Luís Martins,pt POR,MF,ca Vancouver W'caps,31,1992,1,1,90,1,0,0,0,0,0,0,1,0,0,0,0,0,0,Matches
330,Alexandru Mățan,ro ROU,MF,us Columbus Crew,24,1999,5,1,161,1.8,1,2,3,1,0,0,1,0,0.56,1.12,1.68,0.56,1.68,Matches
331,Nicolás Maturana,cl CHI,FW,ni Real Estelí FC,30,1993,2,1,81,0.9,0,0,0,0,0,0,0,0,0,0,0,0,0,Matches
332,Olivier Mbaizo,cm CMR,DF,us Philadelphia Union,26,1997,3,2,225,2.5,0,0,0,0,0,0,2,0,0,0,0,0,0,Matches
333,Jack McGlynn,us USA,MF,us Philadelphia Union,20,2003,4,4,389,4.3,0,1,1,0,0,0,0,0,0,0.23,0.23,0,0.23,Matches
334,Duncan McGuire,us USA,FW,us Orlando City,22,2001,3,1,113,1.3,1,0,1,1,0,0,0,0,0.8,0,0.8,0.8,0.8,Matches
335,Jerome McLeary,jm JAM,DF,jm Cavalier FC,20,2004,2,1,68,0.8,0,0,0,0,0,0,0,0,0,0,0,0,0,Matches
336,Thomas McNamara,us USA,MF,us NE Revolution,32,1991,2,1,97,1.1,0,0,0,0,0,0,0,0,0,0,0,0,0,Matches
337,Harold Medina,ni NCA,MF,ni Real Estelí FC,22,2002,2,1,135,1.5,0,0,0,0,0,0,1,0,0,0,0,0,0,Matches
338,Stefan Medina,co COL,DF,mx Monterrey,31,1992,7,6,559,6.2,0,1,1,0,0,0,1,0,0,0.16,0.16,0,0.16,Matches
339,Carlos Mejía,gt GUA,FW,gt Comunicaciones,32,1991,2,2,126,1.4,1,0,1,1,0,0,0,0,0.71,0,0.71,0.71,0.71,Matches
340,Stiwar Mena,co COL,DF,gt Comunicaciones,29,1994,2,2,180,2,0,0,0,0,0,0,1,0,0,0,0,0,0,Matches
341,Jean Meneses,cl CHI,"FW,MF",mx Toluca,30,1993,1,0,25,0.3,0,0,0,0,0,0,0,0,0,0,0,0,0,Matches
342,Jonathan Mensah,gh GHA,DF,us NE Revolution,33,1990,3,3,270,3,0,0,0,0,0,0,1,0,0,0,0,0,0,Matches
343,Lionel Messi,ar ARG,FW,us Inter Miami,36,1987,3,3,229,2.5,2,2,4,2,0,0,0,0,0.79,0.79,1.57,0.79,1.57,Matches
344,Garven Metusala,ht HAI,DF,ca Forge FC,24,1999,2,2,180,2,0,0,0,0,0,0,0,0,0,0,0,0,0,Matches
345,Maximiliano Meza,ar ARG,"MF,FW",mx Monterrey,31,1992,7,7,556,6.2,2,5,7,2,0,0,1,1,0.32,0.81,1.13,0.32,1.13,Matches
346,Matt Miazga,us USA,DF,us FC Cincinnati,28,1995,4,4,307,3.4,0,0,0,0,0,0,0,0,0,0,0,0,0,Matches
347,Micael,br BRA,DF,us Houston Dynamo,23,2000,4,4,315,3.5,0,0,0,0,0,0,1,0,0,0,0,0,0,Matches
348,Andrés Micolta,ec ECU,DF,mx Pachuca,24,1999,5,5,433,4.8,1,0,1,1,0,0,2,0,0.21,0,0.21,0.21,0.21,Matches
349,Kyle Ming,jm JAM,DF,jm Cavalier FC,25,1999,2,2,180,2,0,0,0,0,0,0,0,0,0,0,0,0,0,Matches
350,Aimar Modelo,pa PAN,DF,pa CA Independiente,20,2003,2,2,117,1.3,0,0,0,0,0,0,1,0,0,0,0,0,0,Matches
Rk,Player,Nation,Pos,Squad,Age,Born,MP,Starts,Min,90s,Gls,Ast,G+A,G-PK,PK,PKatt,CrdY,CrdR,Gls,Ast,G+A,G-PK,G+A-PK,Matches
351,Shakur Mohammed,gh GHA,MF,us Orlando City,20,2003,1,1,45,0.5,0,0,0,0,0,0,0,0,0,0,0,0,0,Matches
352,Eduardo Montenegro,co COL,MF,do Moca FC,25,1998,2,2,152,1.7,0,0,0,0,0,0,0,0,0,0,0,0,0,Matches
353,Getsel Montes,hn HON,DF,cr Herediano,27,1996,4,4,360,4,1,0,1,1,0,0,0,0,0.25,0,0.25,0.25,0.25,Matches
354,Callum Montgomery,ca CAN,DF,ca Cavalry FC,26,1997,2,2,114,1.3,0,0,0,0,0,0,1,0,0,0,0,0,0,Matches
355,Elias Montiel,mx MEX,MF,mx Pachuca,18,2005,6,2,255,2.8,0,0,0,0,0,0,0,0,0,0,0,0,0,Matches
356,Shaq Moore,us USA,DF,us Nashville SC,27,1996,3,3,270,3,0,2,2,0,0,0,0,0,0,0.67,0.67,0,0.67,Matches
357,Carlos Mora,cr CRC,MF,cr Alajuelense,22,2001,2,2,170,1.9,1,0,1,1,0,0,0,0,0.53,0,0.53,0.53,0.53,Matches
358,Joseph Mora,cr CRC,"MF,DF",cr Saprissa,31,1993,2,2,180,2,0,0,0,0,0,0,1,0,0,0,0,0,0,Matches
359,Robert Morales,py PAR,FW,mx Toluca,24,1999,2,2,135,1.5,1,0,1,1,0,0,0,0,0.67,0,0.67,0.67,0.67,Matches
360,Daniel Moran,pa PAN,FW,pa CA Independiente,30,1993,2,0,32,0.4,0,0,0,0,0,0,0,0,0,0,0,0,0,Matches
361,Leonel Moreira,cr CRC,GK,cr Alajuelense,33,1990,2,2,180,2,0,0,0,0,0,0,0,0,0,0,0,0,0,Matches
362,Steven Moreira,cv CPV,DF,us Columbus Crew,29,1994,7,7,660,7.3,0,0,0,0,0,0,1,0,0,0,0,0,0,Matches
363,Carlos Moreno,mx MEX,GK,mx Pachuca,26,1998,7,7,630,7,0,0,0,0,0,0,0,0,0,0,0,0,0,Matches
364,Héctor Moreno,mx MEX,DF,mx Monterrey,36,1988,7,6,417,4.6,1,0,1,1,0,0,1,0,0.22,0,0.22,0.22,0.22,Matches
365,Aidan Morris,us USA,MF,us Columbus Crew,22,2001,6,5,449,5,1,2,3,1,0,0,2,1,0.2,0.4,0.6,0.2,0.6,Matches
366,Jonathan Moya,cr CRC,FW,cr Alajuelense,32,1992,2,0,81,0.9,0,0,0,0,0,0,1,0,0,0,0,0,0,Matches
367,Alan Mozo,mx MEX,"MF,DF",mx Guadalajara,26,1997,2,2,180,2,0,2,2,0,0,0,1,0,0,1,1,0,1,Matches
368,Hany Mukhtar,de GER,MF,us Nashville SC,28,1995,3,3,205,2.3,1,1,2,1,0,0,0,0,0.44,0.44,0.88,0.44,0.88,Matches
369,Luis Muriel,co COL,FW,us Orlando City,32,1991,3,3,220,2.4,0,1,1,0,0,0,0,0,0,0.41,0.41,0,0.41,Matches
370,Aaron Murillo,cr CRC,MF,cr Herediano,25,1998,2,0,19,0.2,0,1,1,0,0,0,0,0,0,4.74,4.74,0,4.74,Matches
371,Jefferson Murillo,co COL,"MF,DF",pa CA Independiente,32,1992,2,2,151,1.7,0,0,0,0,0,0,1,0,0,0,0,0,0,Matches
372,Ian Murphy,us USA,DF,us FC Cincinnati,24,2000,4,4,296,3.3,0,0,0,0,0,0,1,0,0,0,0,0,0,Matches
373,Ali Musse,so SOM,MF,ca Cavalry FC,28,1996,2,1,102,1.1,0,0,0,0,0,0,0,0,0,0,0,0,0,Matches
374,Alex Muyl,us USA,MF,us Nashville SC,28,1995,4,3,237,2.6,0,1,1,0,0,0,0,0,0,0.38,0.38,0,0.38,Matches
375,Darlington Nagbe,us USA,MF,us Columbus Crew,33,1990,7,7,629,7,0,0,0,0,0,0,1,0,0,0,0,0,0,Matches
Rk,Player,Nation,Pos,Squad,Age,Born,MP,Starts,Min,90s,Gls,Ast,G+A,G-PK,PK,PKatt,CrdY,CrdR,Gls,Ast,G+A,G-PK,G+A-PK,Matches
376,Julio Narvaez,pa PAN,MF,pa CA Independiente,20,2003,1,0,25,0.3,0,0,0,0,0,0,0,0,0,0,0,0,0,Matches
377,Santiago Naveda,mx MEX,MF,mx América,22,2001,5,1,151,1.7,0,0,0,0,0,0,0,0,0,0,0,0,0,Matches
378,Jake Nerwinski,us USA,DF,us St. Louis City,29,1994,1,1,90,1,0,0,0,0,0,0,1,0,0,0,0,0,0,Matches
379,Jean-Claude Ngando,cm CMR,MF,ca Vancouver W'caps,24,1999,1,0,14,0.2,0,0,0,0,0,0,0,0,0,0,0,0,0,Matches
380,Joakim Nilsson,se SWE,DF,us St. Louis City,29,1994,1,1,43,0.5,0,0,0,0,0,0,0,0,0,0,0,0,0,Matches
381,Henry Niño,ni NCA,DF,ni Real Estelí FC,26,1997,2,0,38,0.4,0,0,0,0,0,0,0,0,0,0,0,0,0,Matches
382,Obinna Nwobodo,ng NGA,MF,us FC Cincinnati,27,1996,3,3,217,2.4,0,0,0,0,0,0,1,0,0,0,0,0,0,Matches
383,Martín Ojeda,ar ARG,"MF,FW",us Orlando City,25,1998,4,2,178,2,1,1,2,0,1,1,0,0,0.51,0.51,1.01,0,0.51,Matches
384,Arquimides Ordonez,gt GUA,MF,us FC Cincinnati,20,2003,2,1,104,1.2,0,1,1,0,0,1,0,0,0,0.87,0.87,0,0.87,Matches
385,Luca Orellano,ar ARG,MF,us FC Cincinnati,23,2000,2,1,75,0.8,0,0,0,0,0,0,0,0,0,0,0,0,0,Matches
386,Jesús Orozco,mx MEX,DF,mx Guadalajara,21,2002,2,2,180,2,0,0,0,0,0,0,0,0,0,0,0,0,0,Matches
387,Carlos Orrantía,mx MEX,"MF,DF",mx Toluca,32,1991,2,2,180,2,0,1,1,0,0,0,0,0,0,0.5,0.5,0,0.5,Matches
388,Tomáš Ostrák,cz CZE,MF,us St. Louis City,23,2000,2,2,130,1.4,0,0,0,0,0,0,0,0,0,0,0,0,0,Matches
389,Abdulmalik Owolabi Belewu,ca CAN,DF,ca Forge FC,21,2002,2,2,180,2,0,0,0,0,0,0,0,0,0,0,0,0,0,Matches
390,Juan Pablo Vigón,mx MEX,MF,mx UANL,32,1991,6,2,189,2.1,1,1,2,1,0,0,0,0,0.48,0.48,0.95,0.48,0.95,Matches
391,Yael Padilla,mx MEX,MF,mx Guadalajara,18,2005,2,0,69,0.8,0,0,0,0,0,0,0,0,0,0,0,0,0,Matches
392,Elliot Panicco,us USA,GK,us Nashville SC,27,1996,1,1,90,1,0,0,0,0,0,0,0,0,0,0,0,0,0,Matches
393,Tim Parker,us USA,DF,us St. Louis City,30,1993,1,1,90,1,1,0,1,1,0,0,0,0,1,0,1,1,1,Matches
394,Pedro Pedraza,mx MEX,MF,mx Pachuca,23,2000,7,5,441,4.9,0,0,0,0,0,0,2,0,0,0,0,0,0,Matches
395,Guillermo de Peña,do DOM,FW,do Moca FC,20,2003,2,0,56,0.6,0,0,0,0,0,0,0,0,0,0,0,0,0,Matches
396,Federico Pereira,uy URU,DF,mx Toluca,23,2000,1,1,45,0.5,1,0,1,1,0,0,0,0,2,0,2,2,2,Matches
397,Fredy Pérez,gt GUA,GK,gt Comunicaciones,29,1994,2,2,180,2,0,0,0,0,0,0,0,0,0,0,0,0,0,Matches
398,Fafà Picault,ht HAI,"FW,MF",ca Vancouver W'caps,32,1991,2,0,40,0.4,0,0,0,0,0,0,0,0,0,0,0,0,0,Matches
399,Malik Pinto,us USA,MF,us FC Cincinnati,21,2002,3,1,117,1.3,1,0,1,1,0,0,1,0,0.77,0,0.77,0.77,0.77,Matches
400,Jesús Piñuelas,mx MEX,DF,mx Toluca,25,1998,2,1,135,1.5,0,0,0,0,0,0,0,0,0,0,0,0,0,Matches
Rk,Player,Nation,Pos,Squad,Age,Born,MP,Starts,Min,90s,Gls,Ast,G+A,G-PK,PK,PKatt,CrdY,CrdR,Gls,Ast,G+A,G-PK,G+A-PK,Matches
401,Guido Pizarro,ar ARG,"DF,MF",mx UANL,33,1990,5,5,479,5.3,0,0,0,0,0,0,1,0,0,0,0,0,0,Matches
402,Kwasi Poku,ca CAN,FW,ca Forge FC,20,2003,1,1,10,0.1,0,0,0,0,0,0,0,0,0,0,0,0,0,Matches
403,Matt Polster,us USA,MF,us NE Revolution,30,1993,5,5,412,4.6,0,0,0,0,0,0,1,0,0,0,0,0,0,Matches
404,Célio Pompeu,br BRA,MF,us St. Louis City,24,1999,2,0,50,0.6,0,0,0,0,0,0,0,0,0,0,0,0,0,Matches
405,Alvas Powell,jm JAM,MF,us FC Cincinnati,29,1994,3,1,128,1.4,1,0,1,1,0,0,0,0,0.7,0,0.7,0.7,0.7,Matches
406,Josué Quijano,ni NCA,DF,ni Real Estelí FC,32,1991,2,2,180,2,0,0,0,0,0,0,0,0,0,0,0,0,0,Matches
407,Julián Quiñones,mx MEX,"MF,FW",mx América,26,1997,7,7,598,6.6,3,2,5,2,1,1,1,0,0.45,0.3,0.75,0.3,0.6,Matches
408,Haxzel Quirós,cr CRC,"DF,MF",cr Herediano,25,1998,5,4,351,3.9,0,1,1,0,0,0,0,0,0,0.26,0.26,0,0.26,Matches
409,Jeremy Rafanello,us USA,MF,us Philadelphia Union,23,2000,1,0,1,0,0,0,0,0,0,0,0,0,0,0,0,0,0,Matches
410,Brooklyn Raines,us USA,MF,us Houston Dynamo,18,2005,2,1,118,1.3,0,0,0,0,0,0,0,0,0,0,0,0,0,Matches
411,Christian Ramirez,us USA,MF,us Columbus Crew,32,1991,4,1,120,1.3,0,1,1,0,0,1,0,0,0,0.75,0.75,0,0.75,Matches
412,Pascual Ramírez,do DOM,GK,do Moca FC,26,1997,2,2,180,2,0,0,0,0,0,0,0,0,0,0,0,0,0,Matches
413,Sergio Ramírez,pa PAN,DF,pa CA Independiente,23,2000,2,2,180,2,0,0,0,0,0,0,0,0,0,0,0,0,0,Matches
414,Ryan Raposo,ca CAN,MF,ca Vancouver W'caps,24,1999,2,2,155,1.7,0,0,0,0,0,0,0,0,0,0,0,0,0,Matches
415,Henrich Ravas,sk SVK,GK,us NE Revolution,26,1997,4,4,360,4,0,0,0,0,0,0,0,0,0,0,0,0,0,Matches
416,Federico Redondo,ar ARG,MF,us Inter Miami,21,2003,2,2,179,2,0,0,0,0,0,0,1,0,0,0,0,0,0,Matches
417,Diego Reyes,mx MEX,DF,mx UANL,31,1992,2,2,210,2.3,0,0,0,0,0,0,0,0,0,0,0,0,0,Matches
418,Israel Reyes,mx MEX,DF,mx América,23,2000,7,6,528,5.9,0,0,0,0,0,0,1,1,0,0,0,0,0,Matches
419,Salvador Reyes,mx MEX,"DF,MF",mx América,25,1998,5,0,101,1.1,0,0,0,0,0,0,0,0,0,0,0,0,0,Matches
420,Jamilhio Rigters,sr SUR,MF,sr SV Robinhood,24,1999,2,2,180,2,0,0,0,0,0,0,1,0,0,0,0,0,0,Matches
421,Erick Rivera,gt GUA,MF,gt Comunicaciones,24,1999,2,0,13,0.1,0,0,0,0,0,0,0,0,0,0,0,0,0,Matches
422,Eddie Roberts,pa PAN,GK,pa CA Independiente,29,1994,2,2,180,2,0,0,0,0,0,0,0,0,0,0,0,0,0,Matches
423,Miles Robinson,us USA,DF,us FC Cincinnati,26,1997,3,3,270,3,0,0,0,0,0,0,0,0,0,0,0,0,0,Matches
424,Ronaldo Robinson,jm JAM,FW,jm Cavalier FC,22,2001,1,0,28,0.3,0,0,0,0,0,0,0,0,0,0,0,0,0,Matches
425,Stheven Robles,gt GUA,DF,gt Comunicaciones,28,1995,2,2,145,1.6,0,1,1,0,0,0,0,0,0,0.62,0.62,0,0.62,Matches
Rk,Player,Nation,Pos,Squad,Age,Born,MP,Starts,Min,90s,Gls,Ast,G+A,G-PK,PK,PKatt,CrdY,CrdR,Gls,Ast,G+A,G-PK,G+A-PK,Matches
426,Valentín Rodríguez,uy URU,DF,mx Pachuca,22,2001,1,0,12,0.1,0,0,0,0,0,0,0,0,0,0,0,0,0,Matches
427,Alex Rodríguez,do DOM,MF,do Moca FC,16,2007,1,0,6,0.1,0,0,0,0,0,0,0,0,0,0,0,0,0,Matches
428,Brian Rodríguez,uy URU,"MF,FW",mx América,23,2000,7,2,252,2.8,2,1,3,1,1,1,0,0,0.71,0.36,1.07,0.36,0.71,Matches
429,Francisco Rodriguez,cr CRC,FW,cr Herediano,30,1993,5,2,156,1.7,1,0,1,1,0,0,0,0,0.58,0,0.58,0.58,0.58,Matches
430,Jonathan Rodríguez,uy URU,FW,mx América,30,1993,2,1,77,0.9,1,0,1,1,0,0,0,0,1.17,0,1.17,1.17,1.17,Matches
431,Miguel Rodríguez,mx MEX,MF,mx Pachuca,20,2003,7,7,472,5.2,2,1,3,2,0,0,2,0,0.38,0.19,0.57,0.38,0.57,Matches
432,Andy Rojas,cr CRC,"MF,FW",cr Herediano,18,2005,5,5,445,4.9,1,0,1,1,0,0,1,0,0.2,0,0.2,0.2,0.2,Matches
433,David Romney,us USA,DF,us NE Revolution,30,1993,6,5,450,5,0,0,0,0,0,0,0,0,0,0,0,0,0,Matches
434,Luis Romo,mx MEX,MF,mx Monterrey,28,1995,7,6,465,5.2,1,0,1,1,0,0,0,0,0.19,0,0.19,0.19,0.19,Matches
435,Salomón Rondón,ve VEN,FW,mx Pachuca,34,1989,7,7,596,6.6,9,1,10,8,1,1,0,0,1.36,0.15,1.51,1.21,1.36,Matches
436,Roche Rosebel,sr SUR,MF,sr SV Robinhood,26,1997,2,2,133,1.5,0,0,0,0,0,0,0,0,0,0,0,0,0,Matches
437,Carlos Rossell,do DOM,"MF,DF",do Moca FC,30,1993,2,2,156,1.7,0,0,0,0,0,0,0,0,0,0,0,0,0,Matches
438,Diego Rossi,uy URU,"MF,FW",us Columbus Crew,25,1998,7,6,587,6.5,3,0,3,3,0,0,0,0,0.46,0,0.46,0.46,0.46,Matches
439,Guido Rouse,pa PAN,FW,pa CA Independiente,27,1996,1,1,45,0.5,0,0,0,0,0,0,0,0,0,0,0,0,0,Matches
440,Fernando Rubén González,mx MEX,MF,mx Guadalajara,30,1994,4,3,285,3.2,0,1,1,0,0,0,1,0,0,0.32,0.32,0,0.32,Matches
441,Jesús Rubio,mx MEX,DF,cr Herediano,,,6,6,390,4.3,1,0,1,0,1,1,2,0,0.23,0,0.23,0,0,Matches
442,David Ruíz,hn HON,MF,us Inter Miami,19,2004,3,1,80,0.9,0,0,0,0,0,0,2,1,0,0,0,0,0,Matches
443,Marcel Ruiz,mx MEX,MF,mx Toluca,23,2000,2,0,70,0.8,0,0,0,0,0,0,0,0,0,0,0,0,0,Matches
444,Yendrick Ruiz,cr CRC,FW,cr Herediano,36,1987,1,0,5,0.1,0,0,0,0,0,0,0,0,0,0,0,0,0,Matches
445,Orlando Russell,jm JAM,FW,jm Cavalier FC,22,2001,2,1,62,0.7,0,0,0,0,0,0,0,0,0,0,0,0,0,Matches
446,Jacen Russell-Rowe,ca CAN,"FW,MF",us Columbus Crew,21,2002,7,4,369,4.1,2,1,3,2,0,0,0,0,0.49,0.24,0.73,0.49,0.73,Matches
447,Ryan Sailor,us USA,DF,us Inter Miami,25,1998,1,0,24,0.3,0,0,0,0,0,0,1,0,0,0,0,0,0,Matches
448,Aarón Salazar,cr CRC,"DF,MF",cr Herediano,24,1999,5,4,321,3.6,0,0,0,0,0,0,2,0,0,0,0,0,0,Matches
449,Abdi Salim,so SOM,DF,us Orlando City,22,2001,1,0,27,0.3,0,0,0,0,0,0,0,0,0,0,0,0,0,Matches
450,Dominic Samuel,ca CAN,DF,ca Forge FC,29,1994,2,1,85,0.9,0,0,0,0,0,0,0,0,0,0,0,0,0,Matches
Rk,Player,Nation,Pos,Squad,Age,Born,MP,Starts,Min,90s,Gls,Ast,G+A,G-PK,PK,PKatt,CrdY,CrdR,Gls,Ast,G+A,G-PK,G+A-PK,Matches
451,Carlos Sánchez,mx MEX,DF,mx Pachuca,21,2002,1,0,6,0.1,0,0,0,0,0,0,0,0,0,0,0,0,0,Matches
452,Erick Sánchez,mx MEX,MF,mx Pachuca,24,1999,6,6,465,5.2,0,3,3,0,0,0,2,0,0,0.58,0.58,0,0.58,Matches
453,Jesús Sánchez García,mx MEX,DF,mx Guadalajara,34,1989,2,2,180,2,0,1,1,0,0,0,1,0,0,0.5,0.5,0,0.5,Matches
454,Richard Sánchez,py PAR,MF,mx América,27,1996,6,3,255,2.8,0,0,0,0,0,0,0,0,0,0,0,0,0,Matches
455,Víctor Sánchez,do DOM,MF,do Moca FC,29,1995,2,1,73,0.8,0,0,0,0,0,0,0,0,0,0,0,0,0,Matches
456,William Sands,us USA,DF,us Columbus Crew,23,2000,1,0,30,0.3,0,0,0,0,0,0,0,0,0,0,0,0,0,Matches
457,Byorn Sandvliet,sr SUR,DF,sr SV Robinhood,25,1998,2,2,180,2,0,0,0,0,0,0,0,0,0,0,0,0,0,Matches
458,Sergio Santos Gomes,br BRA,FW,us FC Cincinnati,29,1994,4,1,128,1.4,1,0,1,1,0,0,0,0,0.7,0,0.7,0.7,0.7,Matches
459,Rafael Santos,br BRA,DF,us Orlando City,25,1998,3,1,102,1.1,0,0,0,0,0,0,0,0,0,0,0,0,0,Matches
460,Samir Santos,br BRA,DF,mx UANL,29,1994,5,5,474,5.3,0,0,0,0,0,0,0,0,0,0,0,0,0,Matches
461,Rodrigo Saravia,gt GUA,MF,gt Comunicaciones,30,1993,1,0,24,0.3,0,0,0,0,0,0,1,0,0,0,0,0,0,Matches
462,Rodrigo Schlegel,ar ARG,DF,us Orlando City,26,1997,2,2,180,2,0,0,0,0,0,0,0,0,0,0,0,0,0,Matches
463,Tate Schmitt,us USA,DF,us Houston Dynamo,26,1997,3,1,115,1.3,0,0,0,0,0,0,1,0,0,0,0,0,0,Matches
464,Alessandro Schöpf,at AUT,MF,ca Vancouver W'caps,29,1994,2,2,129,1.4,0,0,0,0,0,0,0,0,0,0,0,0,0,Matches
465,Patrick Schulte,us USA,GK,us Columbus Crew,22,2001,7,7,660,7.3,0,0,0,0,0,0,0,0,0,0,0,0,0,Matches
466,Francisco Sebastián Córdova,mx MEX,"MF,FW",mx UANL,26,1997,6,2,223,2.5,1,0,1,1,0,0,0,0,0.4,0,0.4,0.4,0.4,Matches
467,Gabe Segal,us USA,FW,us Houston Dynamo,22,2001,4,2,207,2.3,0,0,0,0,0,0,1,0,0,0,0,0,0,Matches
468,Ulises Segura,cr CRC,MF,cr Saprissa,30,1993,1,0,10,0.1,0,0,0,0,0,0,0,0,0,0,0,0,0,Matches
469,Amar Sejdic,us USA,MF,us Nashville SC,27,1996,1,0,45,0.5,0,0,0,0,0,0,0,0,0,0,0,0,0,Matches
470,Oliver Semmle,de GER,GK,us Philadelphia Union,25,1998,1,1,120,1.3,0,0,0,0,0,0,1,0,0,0,0,0,0,Matches
471,Leonardo Sepulveda,us USA,DF,mx Guadalajara,22,2001,3,3,246,2.7,0,0,0,0,0,0,1,0,0,0,0,0,0,Matches
472,Jacob Shaffelburg,ca CAN,MF,us Nashville SC,24,1999,4,3,272,3,2,1,3,2,0,0,0,0,0.66,0.33,0.99,0.66,0.99,Matches
473,Shamit Shome,bd BAN,"MF,DF",ca Cavalry FC,26,1997,2,2,135,1.5,0,0,0,0,0,0,0,0,0,0,0,0,0,Matches
474,Carlos da Silva,br BRA,MF,sr SV Robinhood,31,1992,2,2,132,1.5,0,0,0,0,0,0,0,0,0,0,0,0,0,Matches
475,Justin Simons,pa PAN,MF,pa CA Independiente,26,1997,1,0,29,0.3,0,0,0,0,0,0,0,0,0,0,0,0,0,Matches
Rk,Player,Nation,Pos,Squad,Age,Born,MP,Starts,Min,90s,Gls,Ast,G+A,G-PK,PK,PKatt,CrdY,CrdR,Gls,Ast,G+A,G-PK,G+A-PK,Matches
476,Orlando Sinclair,cr CRC,FW,cr Saprissa,25,1998,2,1,72,0.8,0,0,0,0,0,0,1,0,0,0,0,0,0,Matches
477,Brad Smith,au AUS,MF,us Houston Dynamo,29,1994,4,1,149,1.7,0,0,0,0,0,0,0,0,0,0,0,0,0,Matches
478,Kyle Smith,us USA,DF,us Orlando City,32,1992,4,4,321,3.6,1,0,1,1,0,0,1,0,0.28,0,0.28,0.28,0.28,Matches
479,Roshiano Soebarman,sr SUR,DF,sr SV Robinhood,25,1998,2,2,180,2,0,0,0,0,0,0,1,0,0,0,0,0,0,Matches
480,Ryan Spaulding,us USA,DF,us NE Revolution,25,1998,4,3,272,3,0,0,0,0,0,0,1,0,0,0,0,0,0,Matches
481,Mason Stajduhar,us USA,GK,us Orlando City,26,1997,1,1,90,1,0,0,0,0,0,0,0,0,0,0,0,0,0,Matches
482,Daniel Steres,us USA,DF,us Houston Dynamo,33,1990,2,1,67,0.7,0,1,1,0,0,0,0,0,0,1.34,1.34,0,1.34,Matches
483,Aarón Suárez,cr CRC,MF,cr Alajuelense,21,2002,2,1,65,0.7,0,0,0,0,0,0,0,0,0,0,0,0,0,Matches
484,Luis Suárez,uy URU,FW,us Inter Miami,37,1987,4,4,355,3.9,2,2,4,2,0,0,2,0,0.51,0.51,1.01,0.51,1.01,Matches
485,Quinn Sullivan,us USA,MF,us Philadelphia Union,19,2004,4,4,329,3.7,1,1,2,1,0,0,0,0,0.27,0.27,0.55,0.27,0.55,Matches
486,Lawson Sunderland,us USA,MF,us Inter Miami,22,2001,1,0,1,0,0,0,0,0,0,0,0,0,0,0,0,0,0,Matches
487,Sam Surridge,eng ENG,FW,us Nashville SC,25,1998,2,1,97,1.1,2,1,3,2,0,0,0,0,1.86,0.93,2.78,1.86,2.78,Matches
488,Erik Sviatchenko,dk DEN,DF,us Houston Dynamo,32,1991,3,2,157,1.7,1,0,1,1,0,0,0,0,0.57,0,0.57,0.57,0.57,Matches
489,Ousmane Sylla,sn SEN,MF,us Houston Dynamo,22,2001,1,0,6,0.1,0,0,0,0,0,0,0,0,0,0,0,0,0,Matches
490,Yohei Takaoka,jp JPN,GK,ca Vancouver W'caps,27,1996,2,2,180,2,0,0,0,0,0,0,0,0,0,0,0,0,0,Matches
491,Widman Talavera,ni NCA,FW,ni Real Estelí FC,21,2003,2,0,21,0.2,0,0,0,0,0,0,0,0,0,0,0,0,0,Matches
492,Kevaughn Tavernier,ca CAN,FW,ca Forge FC,17,2006,2,0,25,0.3,1,0,1,1,0,0,1,0,3.6,0,3.6,3.6,3.6,Matches
493,Gerald Taylor,cr CRC,DF,cr Saprissa,22,2001,2,2,210,2.3,1,0,1,1,0,0,0,0,0.43,0,0.43,0.43,0.43,Matches
494,Robert Taylor,fi FIN,FW,us Inter Miami,29,1994,2,1,77,0.9,1,0,1,1,0,0,0,0,1.17,0,1.17,1.17,1.17,Matches
495,Yeltsin Tejeda,cr CRC,MF,cr Herediano,31,1992,3,1,152,1.7,0,1,1,0,0,0,0,0,0,0.59,0.59,0,0.59,Matches
496,Clifford Thomas,ht HAI,MF,do Moca FC,25,1998,2,2,180,2,0,0,0,0,0,0,0,0,0,0,0,0,0,Matches
497,Shaniel Thomas,jm JAM,MF,jm Cavalier FC,22,2001,2,2,163,1.8,0,0,0,0,0,0,0,0,0,0,0,0,0,Matches
498,Kwayne Thompson,jm JAM,MF,jm Cavalier FC,18,2005,1,0,45,0.5,0,0,0,0,0,0,0,0,0,0,0,0,0,Matches
499,Alan Torres,mx MEX,"MF,DF",mx Guadalajara,23,2000,3,3,240,2.7,0,0,0,0,0,0,2,1,0,0,0,0,0,Matches
500,Facundo Torres,uy URU,MF,us Orlando City,23,2000,4,3,243,2.7,3,1,4,2,1,1,0,0,1.11,0.37,1.48,0.74,1.11,Matches
Rk,Player,Nation,Pos,Squad,Age,Born,MP,Starts,Min,90s,Gls,Ast,G+A,G-PK,PK,PKatt,CrdY,CrdR,Gls,Ast,G+A,G-PK,G+A-PK,Matches
501,Gerson Torres,cr CRC,"MF,FW",cr Herediano,26,1997,6,5,399,4.4,0,0,0,0,0,0,0,0,0,0,0,0,0,Matches
502,Mariano Torres,ar ARG,"MF,FW",cr Saprissa,36,1987,2,2,210,2.3,1,0,1,1,0,0,0,0,0.43,0,0.43,0.43,0.43,Matches
503,Tomas Totland,no NOR,DF,us St. Louis City,25,1998,1,1,90,1,0,0,0,0,0,0,0,0,0,0,0,0,0,Matches
504,Charlie Trafford,ca CAN,MF,ca Cavalry FC,31,1992,2,2,130,1.4,0,0,0,0,0,0,1,0,0,0,0,0,0,Matches
505,Don Tuur,sr SUR,FW,sr SV Robinhood,23,2000,2,0,47,0.5,1,0,1,1,0,0,0,0,1.91,0,1.91,1.91,1.91,Matches
506,Mikael Uhre,dk DEN,FW,us Philadelphia Union,29,1994,4,3,267,3,1,0,1,1,0,0,0,0,0.34,0,0.34,0.34,0.34,Matches
507,Diego Valdés,cl CHI,"MF,FW",mx América,30,1994,7,5,473,5.3,2,3,5,2,0,0,0,0,0.38,0.57,0.95,0.38,0.95,Matches
508,Gerardo Valenzuela,us USA,FW,us FC Cincinnati,19,2004,4,1,136,1.5,1,1,2,1,0,0,1,0,0.66,0.66,1.32,0.66,1.32,Matches
509,Jefry Valverde,cr CRC,MF,cr Saprissa,28,1995,1,0,50,0.6,0,0,0,0,0,0,0,0,0,0,0,0,0,Matches
510,Indiana Vassilev,us USA,"MF,FW",us St. Louis City,22,2001,2,2,119,1.3,0,1,1,0,0,0,0,0,0,0.76,0.76,0,0.76,Matches
511,Brandon Vazquez,us USA,FW,mx Monterrey,25,1998,8,6,497,5.5,4,0,4,4,0,0,0,0,0.72,0,0.72,0.72,0.72,Matches
512,Alexis Vega,mx MEX,MF,mx Toluca,26,1997,2,1,110,1.2,0,1,1,0,0,0,0,0,0,0.82,0.82,0,0.82,Matches
513,Deyver Vega,cr CRC,FW,cr Herediano,31,1992,3,1,68,0.8,1,0,1,1,0,0,0,0,1.32,0,1.32,1.32,1.32,Matches
514,Sebastián Vegas,cl CHI,DF,mx Monterrey,27,1996,3,1,168,1.9,0,0,0,0,0,0,3,0,0,0,0,0,0,Matches
515,Johan Venegas,cr CRC,FW,cr Alajuelense,35,1988,2,1,99,1.1,0,0,0,0,0,0,0,0,0,0,0,0,0,Matches
516,Sergio Ventura,do DOM,FW,do Moca FC,24,1999,1,0,14,0.2,0,0,0,0,0,0,0,0,0,0,0,0,0,Matches
517,Ranko Veselinović,rs SRB,DF,ca Vancouver W'caps,24,1999,2,2,180,2,0,0,0,0,0,0,0,0,0,0,0,0,0,Matches
518,Guillermo Villalobos,cr CRC,DF,cr Alajuelense,22,2001,1,1,54,0.6,0,0,0,0,0,0,0,0,0,0,0,0,0,Matches
519,Pedro Vite,ec ECU,MF,ca Vancouver W'caps,21,2002,2,1,120,1.3,0,0,0,0,0,0,0,0,0,0,0,0,0,Matches
520,Tiago Volpi,br BRA,GK,mx Toluca,33,1990,2,2,180,2,0,0,0,0,0,0,0,0,0,0,0,0,0,Matches
521,Giacomo Vrioni,al ALB,FW,us NE Revolution,25,1998,5,3,308,3.4,3,2,5,3,0,0,3,0,0.88,0.58,1.46,0.88,1.46,Matches
522,Kai Wagner,de GER,DF,us Philadelphia Union,26,1997,4,4,390,4.3,0,1,1,0,0,0,1,0,0,0.23,0.23,0,0.23,Matches
523,Tobias Warschewski,de GER,FW,ca Cavalry FC,25,1998,2,1,103,1.1,0,0,0,0,0,0,0,0,0,0,0,0,0,Matches
524,Taylor Washington,us USA,DF,us Nashville SC,30,1993,4,2,181,2,0,0,0,0,0,0,0,0,0,0,0,0,0,Matches
525,Kendall Waston,cr CRC,DF,cr Saprissa,36,1988,1,0,30,0.3,0,0,0,0,0,0,0,0,0,0,0,0,0,Matches
Rk,Player,Nation,Pos,Squad,Age,Born,MP,Starts,Min,90s,Gls,Ast,G+A,G-PK,PK,PKatt,CrdY,CrdR,Gls,Ast,G+A,G-PK,G+A-PK,Matches
526,Shamar Watson,jm JAM,MF,jm Cavalier FC,19,2004,2,1,106,1.2,0,0,0,0,0,0,0,0,0,0,0,0,0,Matches
527,Akil Watts,us USA,DF,us St. Louis City,23,2000,1,1,90,1,0,0,0,0,0,0,0,0,0,0,0,0,0,Matches
528,Marcelo Weigandt,ar ARG,"MF,DF",us Inter Miami,24,2000,2,2,180,2,0,0,0,0,0,0,0,0,0,0,0,0,0,Matches
529,Michael Wentzel,de GER,DF,us St. Louis City,21,2002,1,1,90,1,0,0,0,0,0,0,1,0,0,0,0,0,0,Matches
530,Óscar Whalley,es ESP,GK,mx Guadalajara,29,1994,4,4,360,4,0,0,0,0,0,0,0,0,0,0,0,0,0,Matches
531,Brian White,us USA,FW,ca Vancouver W'caps,27,1996,2,2,180,2,0,1,1,0,0,0,1,0,0,0.5,0.5,0,0.5,Matches
532,Jeadine White,jm JAM,GK,jm Cavalier FC,23,2000,1,1,90,1,0,0,0,0,0,0,0,0,0,0,0,0,0,Matches
533,Joe Willis,us USA,GK,us Nashville SC,35,1988,3,3,270,3,0,0,0,0,0,0,0,0,0,0,0,0,0,Matches
534,Bobby Wood,us USA,FW,us NE Revolution,31,1992,4,1,108,1.2,0,0,0,0,0,0,0,0,0,0,0,0,0,Matches
535,Joshua Yaro,gh GHA,DF,us St. Louis City,29,1994,1,1,90,1,0,0,0,0,0,0,0,0,0,0,0,0,0,Matches
536,Dru Yearwood,eng ENG,MF,us Nashville SC,23,2000,3,1,118,1.3,0,0,0,0,0,0,0,0,0,0,0,0,0,Matches
537,Yaw Yeboah,gh GHA,MF,us Columbus Crew,26,1997,7,6,511,5.7,0,0,0,0,0,0,1,0,0,0,0,0,0,Matches
538,DeAndre Yedlin,us USA,MF,us FC Cincinnati,30,1993,2,2,170,1.9,0,1,1,0,0,0,0,0,0,0.53,0.53,0,0.53,Matches
539,Sean Zawadzki,us USA,"MF,DF",us Columbus Crew,23,2000,5,4,383,4.3,0,1,1,0,0,0,0,0,0,0.23,0.23,0,0.23,Matches
540,Alejandro Zendejas,us USA,MF,mx América,25,1998,8,8,626,7,5,2,7,5,0,0,1,0,0.72,0.29,1.01,0.72,1.01,Matches
541,Walker Zimmerman,us USA,DF,us Nashville SC,30,1993,2,2,142,1.6,0,0,0,0,0,0,0,0,0,0,0,0,0,Matches
542,Suhander Zúñiga,cr CRC,MF,cr Alajuelense,27,1997,1,0,36,0.4,0,0,0,0,0,0,0,0,0,0,0,0,0,Matches
543,Nökkvi Þórisson,is ISL,"FW,MF",us St. Louis City,24,1999,1,0,19,0.2,0,0,0,0,0,0,0,0,0,0,0,0,0,Matches
